user_id,symbol,time,qty,avg_cost,buy_pwr
1,TSLA,2023-03-14 13:03:23,31,11.8,268
2,TSLA,2023-03-14 13:03:23,64,36.2,946
1,AAPL,2023-03-14 13:13:23,78,30.5,731
2,AAPL,2023-03-14 13:13:23,21,80.5,768
1,GOOGL,2023-03-14 13:13:23,13,23,962
2,GOOGL,2023-03-14 13:13:23,6,85.9,868
1,TSLA,2023-03-14 13:13:23,19,57.5,841
2,TSLA,2023-03-14 13:13:23,76,68.9,431
1,AAPL,2023-03-14 13:23:23,1,80,280
2,AAPL,2023-03-14 13:23:23,93,22.8,729
1,GOOGL,2023-03-14 13:23:23,96,30.7,417
2,GOOGL,2023-03-14 13:23:23,21,35.9,169
1,TSLA,2023-03-14 13:23:23,26,50.9,405
2,TSLA,2023-03-14 13:23:23,75,99,143
1,AAPL,2023-03-14 13:33:23,82,78.2,896
2,AAPL,2023-03-14 13:33:23,71,6,242
1,GOOGL,2023-03-14 13:33:23,99,76.5,675
2,GOOGL,2023-03-14 13:33:23,29,56.6,782
1,TSLA,2023-03-14 13:33:23,63,12.2,506
2,TSLA,2023-03-14 13:33:23,55,47.5,508
1,AAPL,2023-03-14 13:43:23,6,19.1,486
2,AAPL,2023-03-14 13:43:23,43,6.5,678
1,GOOGL,2023-03-14 13:43:23,33,63.9,18
2,GOOGL,2023-03-14 13:43:23,51,89.1,192
1,TSLA,2023-03-14 13:43:23,73,24.4,83
2,TSLA,2023-03-14 13:43:23,58,72,690
1,AAPL,2023-03-14 13:53:23,17,13.7,666
2,AAPL,2023-03-14 13:53:23,60,87.2,741
1,GOOGL,2023-03-14 13:53:23,61,66.6,441
2,GOOGL,2023-03-14 13:53:23,34,61.8,485
1,TSLA,2023-03-14 13:53:23,94,12,478
2,TSLA,2023-03-14 13:53:23,84,22.7,719
1,AAPL,2023-03-14 14:03:23,57,92.4,689
2,AAPL,2023-03-14 14:03:23,51,19.9,307
1,GOOGL,2023-03-14 14:03:23,77,43.8,88
2,GOOGL,2023-03-14 14:03:23,54,83.6,973
1,TSLA,2023-03-14 14:03:23,41,16.2,891
2,TSLA,2023-03-14 14:03:23,94,32.3,510
1,AAPL,2023-03-14 14:13:23,25,30.3,113
2,AAPL,2023-03-14 14:13:23,74,3.8,564
1,GOOGL,2023-03-14 14:13:23,95,96.9,415
2,GOOGL,2023-03-14 14:13:23,33,83.9,306
1,TSLA,2023-03-14 14:13:23,63,37.3,771
2,TSLA,2023-03-14 14:13:23,54,99.9,172
1,AAPL,2023-03-14 14:23:23,30,61.6,93
2,AAPL,2023-03-14 14:23:23,85,47.7,108
1,GOOGL,2023-03-14 14:23:23,28,6.6,292
2,GOOGL,2023-03-14 14:23:23,53,0.5,482
1,TSLA,2023-03-14 14:23:23,51,75.3,101
2,TSLA,2023-03-14 14:23:23,15,9.3,998
1,AAPL,2023-03-14 14:33:23,47,78.2,705
2,AAPL,2023-03-14 14:33:23,94,84,841
1,GOOGL,2023-03-14 14:33:23,73,60.9,812
2,GOOGL,2023-03-14 14:33:23,39,27.5,177
1,TSLA,2023-03-14 14:33:23,98,98.5,540
2,TSLA,2023-03-14 14:33:23,90,27.2,739
1,AAPL,2023-03-14 14:43:23,96,17,545
2,AAPL,2023-03-14 14:43:23,27,11,894
1,GOOGL,2023-03-14 14:43:23,74,35.2,462
2,GOOGL,2023-03-14 14:43:23,18,47.2,512
1,TSLA,2023-03-14 14:43:23,73,65.1,462
2,TSLA,2023-03-14 14:43:23,38,72.9,838
1,AAPL,2023-03-14 14:53:23,64,57.1,428
2,AAPL,2023-03-14 14:53:23,55,43.6,353
1,GOOGL,2023-03-14 14:53:23,19,43.3,66
2,GOOGL,2023-03-14 14:53:23,45,1.2,333
1,TSLA,2023-03-14 14:53:23,14,60.8,570
2,TSLA,2023-03-14 14:53:23,38,88.2,16
1,AAPL,2023-03-14 15:03:23,27,32.1,228
2,AAPL,2023-03-14 15:03:23,48,55.2,121
1,GOOGL,2023-03-14 15:03:23,74,47.4,81
2,GOOGL,2023-03-14 15:03:23,97,68.1,144
1,TSLA,2023-03-14 15:03:23,75,96.9,468
2,TSLA,2023-03-14 15:03:23,100,88,767
1,AAPL,2023-03-14 15:13:23,99,79.6,781
2,AAPL,2023-03-14 15:13:23,7,39.8,195
1,GOOGL,2023-03-14 15:13:23,91,69,681
2,GOOGL,2023-03-14 15:13:23,39,48.7,794
1,TSLA,2023-03-14 15:13:23,17,31.3,526
2,TSLA,2023-03-14 15:13:23,3,39.1,617
1,AAPL,2023-03-14 15:23:23,65,58.9,587
2,AAPL,2023-03-14 15:23:23,9,8.2,875
1,GOOGL,2023-03-14 15:23:23,89,9,310
2,GOOGL,2023-03-14 15:23:23,56,50.2,487
1,TSLA,2023-03-14 15:23:23,1,2.4,252
2,TSLA,2023-03-14 15:23:23,18,58,756
1,AAPL,2023-03-14 15:33:23,3,22,639
2,AAPL,2023-03-14 15:33:23,59,6.7,773
1,GOOGL,2023-03-14 15:33:23,58,63.6,295
2,GOOGL,2023-03-14 15:33:23,39,53.8,585
1,TSLA,2023-03-14 15:33:23,23,99,468
2,TSLA,2023-03-14 15:33:23,61,43,108
1,AAPL,2023-03-14 15:43:23,86,60.4,283
2,AAPL,2023-03-14 15:43:23,67,21.7,484
1,GOOGL,2023-03-14 15:43:23,26,38.5,843
2,GOOGL,2023-03-14 15:43:23,84,72.4,188
1,TSLA,2023-03-14 15:43:23,31,91,374
2,TSLA,2023-03-14 15:43:23,95,63.1,687
1,AAPL,2023-03-14 15:53:23,44,82.8,223
2,AAPL,2023-03-14 15:53:23,46,21.9,702
1,GOOGL,2023-03-14 15:53:23,88,90,385
2,GOOGL,2023-03-14 15:53:23,95,26.5,236
1,TSLA,2023-03-14 15:53:23,41,40.2,565
2,TSLA,2023-03-14 15:53:23,83,73.8,302
1,AAPL,2023-03-14 16:03:23,55,65.7,824
2,AAPL,2023-03-14 16:03:23,3,84.9,292
1,GOOGL,2023-03-14 16:03:23,48,98.9,716
2,GOOGL,2023-03-14 16:03:23,36,89.2,633
1,TSLA,2023-03-14 16:03:23,20,5.3,642
2,TSLA,2023-03-14 16:03:23,66,80.2,68
1,AAPL,2023-03-14 16:13:23,66,33.2,673
2,AAPL,2023-03-14 16:13:23,45,40.4,871
1,GOOGL,2023-03-14 16:13:23,48,68.2,771
2,GOOGL,2023-03-14 16:13:23,87,60,292
1,TSLA,2023-03-14 16:13:23,53,12.5,745
2,TSLA,2023-03-14 16:13:23,49,13.2,459
1,AAPL,2023-03-14 16:23:23,79,89.4,219
2,AAPL,2023-03-14 16:23:23,55,40.9,66
1,GOOGL,2023-03-14 16:23:23,56,7.2,683
2,GOOGL,2023-03-14 16:23:23,56,46.8,813
1,TSLA,2023-03-14 16:23:23,57,42.6,757
2,TSLA,2023-03-14 16:23:23,12,70,474
1,AAPL,2023-03-14 16:33:23,83,73.3,684
2,AAPL,2023-03-14 16:33:23,66,49.2,343
1,GOOGL,2023-03-14 16:33:23,65,48.8,666
2,GOOGL,2023-03-14 16:33:23,45,19.3,204
1,TSLA,2023-03-14 16:33:23,99,37.3,381
2,TSLA,2023-03-14 16:33:23,10,58.3,907
1,AAPL,2023-03-14 16:43:23,49,19.6,611
2,AAPL,2023-03-14 16:43:23,93,97.8,329
1,GOOGL,2023-03-14 16:43:23,57,70.1,438
2,GOOGL,2023-03-14 16:43:23,16,1.1,357
1,TSLA,2023-03-14 16:43:23,6,83.9,795
2,TSLA,2023-03-14 16:43:23,49,29.3,374
1,AAPL,2023-03-14 16:53:23,10,90.7,884
2,AAPL,2023-03-14 16:53:23,24,35.1,571
1,GOOGL,2023-03-14 16:53:23,77,47.2,568
2,GOOGL,2023-03-14 16:53:23,49,42.6,547
1,TSLA,2023-03-14 16:53:23,52,82.8,85
2,TSLA,2023-03-14 16:53:23,52,27,808
1,AAPL,2023-03-14 17:03:23,71,49.8,350
2,AAPL,2023-03-14 17:03:23,35,72.4,888
1,GOOGL,2023-03-14 17:03:23,37,46.7,68
2,GOOGL,2023-03-14 17:03:23,76,52.4,443
1,TSLA,2023-03-14 17:03:23,85,70,305
2,TSLA,2023-03-14 17:03:23,40,46.7,611
1,AAPL,2023-03-14 17:13:23,11,84.6,589
2,AAPL,2023-03-14 17:13:23,9,14.5,733
1,GOOGL,2023-03-14 17:13:23,49,98.3,903
2,GOOGL,2023-03-14 17:13:23,5,1,39
1,TSLA,2023-03-14 17:13:23,97,19,510
2,TSLA,2023-03-14 17:13:23,63,13.6,224
1,AAPL,2023-03-14 17:23:23,30,13,361
2,AAPL,2023-03-14 17:23:23,87,67.2,414
1,GOOGL,2023-03-14 17:23:23,15,74.3,482
2,GOOGL,2023-03-14 17:23:23,60,9.8,422
1,TSLA,2023-03-14 17:23:23,35,15.2,486
2,TSLA,2023-03-14 17:23:23,91,23.4,341
1,AAPL,2023-03-14 17:33:23,26,30.7,949
2,AAPL,2023-03-14 17:33:23,81,88.9,325
1,GOOGL,2023-03-14 17:33:23,23,46.5,15
2,GOOGL,2023-03-14 17:33:23,28,71.1,169
1,TSLA,2023-03-14 17:33:23,55,65.6,398
2,TSLA,2023-03-14 17:33:23,9,57.2,449
1,AAPL,2023-03-14 17:43:23,91,92.5,272
2,AAPL,2023-03-14 17:43:23,45,51.5,216
1,GOOGL,2023-03-14 17:43:23,44,43,645
2,GOOGL,2023-03-14 17:43:23,52,89.2,441
1,TSLA,2023-03-14 17:43:23,58,91.6,619
2,TSLA,2023-03-14 17:43:23,22,32.9,286
1,AAPL,2023-03-14 17:53:23,28,11.5,307
2,AAPL,2023-03-14 17:53:23,8,35.7,622
1,GOOGL,2023-03-14 17:53:23,7,44.2,63
2,GOOGL,2023-03-14 17:53:23,62,16.3,229
1,TSLA,2023-03-14 17:53:23,4,98.8,257
2,TSLA,2023-03-14 17:53:23,1,26.7,404
1,AAPL,2023-03-14 18:03:23,71,67.5,84
2,AAPL,2023-03-14 18:03:23,35,11.6,63
1,GOOGL,2023-03-14 18:03:23,86,1,499
2,GOOGL,2023-03-14 18:03:23,57,48.4,262
1,TSLA,2023-03-14 18:03:23,28,16.6,419
2,TSLA,2023-03-14 18:03:23,6,55.7,164
1,AAPL,2023-03-14 18:13:23,22,97.8,898
2,AAPL,2023-03-14 18:13:23,58,38.7,838
1,GOOGL,2023-03-14 18:13:23,10,47.4,414
2,GOOGL,2023-03-14 18:13:23,82,39.7,667
1,TSLA,2023-03-14 18:13:23,14,75.1,310
2,TSLA,2023-03-14 18:13:23,9,71.1,909
1,AAPL,2023-03-14 18:23:23,85,19.6,391
2,AAPL,2023-03-14 18:23:23,13,41.1,413
1,GOOGL,2023-03-14 18:23:23,60,93,713
2,GOOGL,2023-03-14 18:23:23,95,44,225
1,TSLA,2023-03-14 18:23:23,2,50.9,899
2,TSLA,2023-03-14 18:23:23,3,32.7,829
1,AAPL,2023-03-14 18:33:23,48,40.4,525
2,AAPL,2023-03-14 18:33:23,54,11.8,121
1,GOOGL,2023-03-14 18:33:23,85,59.5,964
2,GOOGL,2023-03-14 18:33:23,42,86.8,154
1,TSLA,2023-03-14 18:33:23,75,32.2,238
2,TSLA,2023-03-14 18:33:23,54,37.9,329
1,AAPL,2023-03-14 18:43:23,43,97.3,487
2,AAPL,2023-03-14 18:43:23,72,7,37
1,GOOGL,2023-03-14 18:43:23,85,77.8,891
2,GOOGL,2023-03-14 18:43:23,46,46.1,870
1,TSLA,2023-03-14 18:43:23,42,59.7,603
2,TSLA,2023-03-14 18:43:23,86,93.4,184
1,AAPL,2023-03-14 18:53:23,81,48.4,899
2,AAPL,2023-03-14 18:53:23,16,3.8,542
1,GOOGL,2023-03-14 18:53:23,35,71.3,383
2,GOOGL,2023-03-14 18:53:23,90,30.9,699
1,TSLA,2023-03-14 18:53:23,38,80.5,254
2,TSLA,2023-03-14 18:53:23,41,64.8,355
1,AAPL,2023-03-14 19:03:23,88,21.9,451
2,AAPL,2023-03-14 19:03:23,30,67,575
1,GOOGL,2023-03-14 19:03:23,47,35.2,654
2,GOOGL,2023-03-14 19:03:23,53,21.5,861
1,TSLA,2023-03-14 19:03:23,74,99.4,696
2,TSLA,2023-03-14 19:03:23,71,11.7,655
1,AAPL,2023-03-14 19:13:23,86,97.9,18
2,AAPL,2023-03-14 19:13:23,34,40.4,18
1,GOOGL,2023-03-14 19:13:23,28,93.3,446
2,GOOGL,2023-03-14 19:13:23,69,88.9,962
1,TSLA,2023-03-14 19:13:23,95,8.5,885
2,TSLA,2023-03-14 19:13:23,27,86.8,842
1,AAPL,2023-03-14 19:23:23,75,72.4,163
2,AAPL,2023-03-14 19:23:23,34,15.4,794
1,GOOGL,2023-03-14 19:23:23,48,19,520
2,GOOGL,2023-03-14 19:23:23,29,66.1,331
1,TSLA,2023-03-14 19:23:23,48,28.8,510
2,TSLA,2023-03-14 19:23:23,21,36.9,261
1,AAPL,2023-03-14 19:33:23,64,68.7,849
2,AAPL,2023-03-14 19:33:23,76,28,218
1,GOOGL,2023-03-14 19:33:23,87,82,90
2,GOOGL,2023-03-14 19:33:23,98,69.5,983
1,TSLA,2023-03-14 19:33:23,32,78,718
2,TSLA,2023-03-14 19:33:23,60,51.9,651
1,AAPL,2023-03-14 19:43:23,66,48.7,54
2,AAPL,2023-03-14 19:43:23,40,39.4,654
1,GOOGL,2023-03-14 19:43:23,82,3.4,987
2,GOOGL,2023-03-14 19:43:23,49,66,253
1,TSLA,2023-03-14 19:43:23,76,62.7,187
2,TSLA,2023-03-14 19:43:23,63,79,437
1,AAPL,2023-03-14 19:53:23,67,70.4,448
2,AAPL,2023-03-14 19:53:23,33,55,926
1,GOOGL,2023-03-14 19:53:23,28,67.1,997
2,GOOGL,2023-03-14 19:53:23,83,84.3,762
1,TSLA,2023-03-14 19:53:23,24,80.2,35
2,TSLA,2023-03-14 19:53:23,60,88.1,585
1,AAPL,2023-03-15 13:03:23,93,29.4,8
2,AAPL,2023-03-15 13:03:23,60,19.7,743
1,GOOGL,2023-03-15 13:03:23,15,63.3,960
2,GOOGL,2023-03-15 13:03:23,44,53.4,908
1,TSLA,2023-03-15 13:03:23,23,7.1,161
2,TSLA,2023-03-15 13:03:23,85,14.1,579
1,AAPL,2023-03-15 13:13:23,69,57.7,30
2,AAPL,2023-03-15 13:13:23,8,71.2,270
1,GOOGL,2023-03-15 13:13:23,8,48.9,613
2,GOOGL,2023-03-15 13:13:23,23,49.4,941
1,TSLA,2023-03-15 13:13:23,23,91.9,280
2,TSLA,2023-03-15 13:13:23,96,79.8,613
1,AAPL,2023-03-15 13:23:23,56,40.4,165
2,AAPL,2023-03-15 13:23:23,20,76.4,16
1,GOOGL,2023-03-15 13:23:23,72,74.8,456
2,GOOGL,2023-03-15 13:23:23,81,37.9,526
1,TSLA,2023-03-15 13:23:23,11,29.3,533
2,TSLA,2023-03-15 13:23:23,75,96.8,858
1,AAPL,2023-03-15 13:33:23,18,89.7,284
2,AAPL,2023-03-15 13:33:23,72,74.8,171
1,GOOGL,2023-03-15 13:33:23,17,62,145
2,GOOGL,2023-03-15 13:33:23,98,48.4,561
1,TSLA,2023-03-15 13:33:23,26,30.2,471
2,TSLA,2023-03-15 13:33:23,7,40,624
1,AAPL,2023-03-15 13:43:23,38,50.2,177
2,AAPL,2023-03-15 13:43:23,7,62.2,548
1,GOOGL,2023-03-15 13:43:23,99,69.4,406
2,GOOGL,2023-03-15 13:43:23,11,10.6,834
1,TSLA,2023-03-15 13:43:23,15,22.9,618
2,TSLA,2023-03-15 13:43:23,55,67.2,485
1,AAPL,2023-03-15 13:53:23,66,49,463
2,AAPL,2023-03-15 13:53:23,25,98.9,144
1,GOOGL,2023-03-15 13:53:23,67,25.6,177
2,GOOGL,2023-03-15 13:53:23,100,93.1,200
1,TSLA,2023-03-15 13:53:23,100,32,36
2,TSLA,2023-03-15 13:53:23,43,78.3,455
1,AAPL,2023-03-15 14:03:23,39,69.3,249
2,AAPL,2023-03-15 14:03:23,44,43.2,318
1,GOOGL,2023-03-15 14:03:23,79,29.7,88
2,GOOGL,2023-03-15 14:03:23,70,42,619
1,TSLA,2023-03-15 14:03:23,32,14.5,55
2,TSLA,2023-03-15 14:03:23,29,26.1,9
1,AAPL,2023-03-15 14:13:23,23,27,945
2,AAPL,2023-03-15 14:13:23,29,89.9,971
1,GOOGL,2023-03-15 14:13:23,96,2.1,927
2,GOOGL,2023-03-15 14:13:23,72,26.3,873
1,TSLA,2023-03-15 14:13:23,42,0,677
2,TSLA,2023-03-15 14:13:23,41,60.6,860
1,AAPL,2023-03-15 14:23:23,21,22.2,764
2,AAPL,2023-03-15 14:23:23,19,47.4,159
1,GOOGL,2023-03-15 14:23:23,46,22.8,265
2,GOOGL,2023-03-15 14:23:23,37,82.7,783
1,TSLA,2023-03-15 14:23:23,70,15.3,438
2,TSLA,2023-03-15 14:23:23,8,47.9,71
1,AAPL,2023-03-15 14:33:23,49,81,545
2,AAPL,2023-03-15 14:33:23,61,59.3,702
1,GOOGL,2023-03-15 14:33:23,89,14.9,246
2,GOOGL,2023-03-15 14:33:23,58,37.9,882
1,TSLA,2023-03-15 14:33:23,42,69.5,418
2,TSLA,2023-03-15 14:33:23,32,98.2,219
1,AAPL,2023-03-15 14:43:23,13,19.7,912
2,AAPL,2023-03-15 14:43:23,4,37.9,533
1,GOOGL,2023-03-15 14:43:23,65,96.3,187
2,GOOGL,2023-03-15 14:43:23,74,10.5,941
1,TSLA,2023-03-15 14:43:23,31,40.5,280
2,TSLA,2023-03-15 14:43:23,45,99.3,335
1,AAPL,2023-03-15 14:53:23,57,87.5,998
2,AAPL,2023-03-15 14:53:23,23,85.2,296
1,GOOGL,2023-03-15 14:53:23,70,51.3,270
2,GOOGL,2023-03-15 14:53:23,47,88,308
1,TSLA,2023-03-15 14:53:23,58,24.5,701
2,TSLA,2023-03-15 14:53:23,25,16.2,504
1,AAPL,2023-03-15 15:03:23,46,10.4,879
2,AAPL,2023-03-15 15:03:23,10,18.7,767
1,GOOGL,2023-03-15 15:03:23,33,38.3,540
2,GOOGL,2023-03-15 15:03:23,37,78.6,308
1,TSLA,2023-03-15 15:03:23,23,8.9,241
2,TSLA,2023-03-15 15:03:23,21,64.6,46
1,AAPL,2023-03-15 15:13:23,66,62.6,83
2,AAPL,2023-03-15 15:13:23,78,8.7,909
1,GOOGL,2023-03-15 15:13:23,76,30.4,661
2,GOOGL,2023-03-15 15:13:23,90,27.9,266
1,TSLA,2023-03-15 15:13:23,15,50.3,230
2,TSLA,2023-03-15 15:13:23,31,58.5,612
1,AAPL,2023-03-15 15:23:23,12,70.3,976
2,AAPL,2023-03-15 15:23:23,37,89.9,777
1,GOOGL,2023-03-15 15:23:23,50,13.4,564
2,GOOGL,2023-03-15 15:23:23,24,90.9,637
1,TSLA,2023-03-15 15:23:23,30,48.1,35
2,TSLA,2023-03-15 15:23:23,63,35.6,501
1,AAPL,2023-03-15 15:33:23,82,61.3,803
2,AAPL,2023-03-15 15:33:23,90,9.5,577
1,GOOGL,2023-03-15 15:33:23,96,55.8,188
2,GOOGL,2023-03-15 15:33:23,22,13.2,539
1,TSLA,2023-03-15 15:33:23,73,90.4,554
2,TSLA,2023-03-15 15:33:23,97,53.4,513
1,AAPL,2023-03-15 15:43:23,9,41,887
2,AAPL,2023-03-15 15:43:23,55,30,991
1,GOOGL,2023-03-15 15:43:23,95,5.7,487
2,GOOGL,2023-03-15 15:43:23,39,73.4,261
1,TSLA,2023-03-15 15:43:23,48,6,872
2,TSLA,2023-03-15 15:43:23,96,75.7,615
1,AAPL,2023-03-15 15:53:23,97,95.5,235
2,AAPL,2023-03-15 15:53:23,89,96.4,597
1,GOOGL,2023-03-15 15:53:23,10,25,630
2,GOOGL,2023-03-15 15:53:23,39,25.3,123
1,TSLA,2023-03-15 15:53:23,39,73,853
2,TSLA,2023-03-15 15:53:23,7,26.5,224
1,AAPL,2023-03-15 16:03:23,36,56.8,741
2,AAPL,2023-03-15 16:03:23,96,8.2,331
1,GOOGL,2023-03-15 16:03:23,56,43.6,118
2,GOOGL,2023-03-15 16:03:23,65,2.8,915
1,TSLA,2023-03-15 16:03:23,57,29.2,799
2,TSLA,2023-03-15 16:03:23,88,31.9,557
1,AAPL,2023-03-15 16:13:23,8,95.7,245
2,AAPL,2023-03-15 16:13:23,57,15.1,581
1,GOOGL,2023-03-15 16:13:23,46,71.7,990
2,GOOGL,2023-03-15 16:13:23,85,49.7,666
1,TSLA,2023-03-15 16:13:23,11,91.5,639
2,TSLA,2023-03-15 16:13:23,40,12.6,68
1,AAPL,2023-03-15 16:23:23,34,17.7,362
2,AAPL,2023-03-15 16:23:23,76,81.9,457
1,GOOGL,2023-03-15 16:23:23,3,42.8,771
2,GOOGL,2023-03-15 16:23:23,75,22,998
1,TSLA,2023-03-15 16:23:23,42,18.7,75
2,TSLA,2023-03-15 16:23:23,71,58.3,167
1,AAPL,2023-03-15 16:33:23,26,51.5,851
2,AAPL,2023-03-15 16:33:23,15,94.6,225
1,GOOGL,2023-03-15 16:33:23,54,8.1,235
2,GOOGL,2023-03-15 16:33:23,81,76.8,681
1,TSLA,2023-03-15 16:33:23,55,39.5,771
2,TSLA,2023-03-15 16:33:23,25,33.1,505
1,AAPL,2023-03-15 16:43:23,96,95,515
2,AAPL,2023-03-15 16:43:23,88,53.2,530
1,GOOGL,2023-03-15 16:43:23,34,16.9,735
2,GOOGL,2023-03-15 16:43:23,18,33.3,905
1,TSLA,2023-03-15 16:43:23,55,77.9,86
2,TSLA,2023-03-15 16:43:23,59,27.2,355
1,AAPL,2023-03-15 16:53:23,22,12.3,892
2,AAPL,2023-03-15 16:53:23,4,26,597
1,GOOGL,2023-03-15 16:53:23,40,78,502
2,GOOGL,2023-03-15 16:53:23,86,29.5,343
1,TSLA,2023-03-15 16:53:23,73,31,812
2,TSLA,2023-03-15 16:53:23,2,63.3,420
1,AAPL,2023-03-15 17:03:23,36,87.4,839
2,AAPL,2023-03-15 17:03:23,98,47.5,250
1,GOOGL,2023-03-15 17:03:23,9,17.9,576
2,GOOGL,2023-03-15 17:03:23,38,54,710
1,TSLA,2023-03-15 17:03:23,70,7.8,831
2,TSLA,2023-03-15 17:03:23,10,27.3,122
1,AAPL,2023-03-15 17:13:23,4,27.5,166
2,AAPL,2023-03-15 17:13:23,55,47.7,334
1,GOOGL,2023-03-15 17:13:23,35,48.4,132
2,GOOGL,2023-03-15 17:13:23,81,73.4,161
1,TSLA,2023-03-15 17:13:23,24,28.7,638
2,TSLA,2023-03-15 17:13:23,73,22,454
1,AAPL,2023-03-15 17:23:23,83,9.5,156
2,AAPL,2023-03-15 17:23:23,85,87.2,381
1,GOOGL,2023-03-15 17:23:23,55,79.2,574
2,GOOGL,2023-03-15 17:23:23,7,9.3,180
1,TSLA,2023-03-15 17:23:23,54,15,19
2,TSLA,2023-03-15 17:23:23,69,90.3,568
1,AAPL,2023-03-15 17:33:23,100,72.8,188
2,AAPL,2023-03-15 17:33:23,54,96,628
1,GOOGL,2023-03-15 17:33:23,59,39.2,188
2,GOOGL,2023-03-15 17:33:23,20,5.9,956
1,TSLA,2023-03-15 17:33:23,28,36.9,750
2,TSLA,2023-03-15 17:33:23,62,76.7,555
1,AAPL,2023-03-15 17:43:23,36,50.4,715
2,AAPL,2023-03-15 17:43:23,31,29.1,525
1,GOOGL,2023-03-15 17:43:23,51,37.8,249
2,GOOGL,2023-03-15 17:43:23,25,24.3,863
1,TSLA,2023-03-15 17:43:23,61,4.8,569
2,TSLA,2023-03-15 17:43:23,90,57.9,951
1,AAPL,2023-03-15 17:53:23,19,18.8,877
2,AAPL,2023-03-15 17:53:23,57,39.8,403
1,GOOGL,2023-03-15 17:53:23,96,56.7,762
2,GOOGL,2023-03-15 17:53:23,13,52.4,905
1,TSLA,2023-03-15 17:53:23,61,8.6,114
2,TSLA,2023-03-15 17:53:23,58,7.9,951
1,AAPL,2023-03-15 18:03:23,52,75.9,422
2,AAPL,2023-03-15 18:03:23,81,6.1,371
1,GOOGL,2023-03-15 18:03:23,17,95,321
2,GOOGL,2023-03-15 18:03:23,44,87.5,46
1,TSLA,2023-03-15 18:03:23,7,65.9,11
2,TSLA,2023-03-15 18:03:23,6,33.1,54
1,AAPL,2023-03-15 18:13:23,43,4.1,581
2,AAPL,2023-03-15 18:13:23,78,1.5,651
1,GOOGL,2023-03-15 18:13:23,78,18.9,678
2,GOOGL,2023-03-15 18:13:23,71,88.7,73
1,TSLA,2023-03-15 18:13:23,29,47.1,397
2,TSLA,2023-03-15 18:13:23,28,69.5,931
1,AAPL,2023-03-15 18:23:23,10,73.8,995
2,AAPL,2023-03-15 18:23:23,58,8.4,856
1,GOOGL,2023-03-15 18:23:23,22,12.4,640
2,GOOGL,2023-03-15 18:23:23,33,85.6,740
1,TSLA,2023-03-15 18:23:23,9,60.1,800
2,TSLA,2023-03-15 18:23:23,25,93.7,959
1,AAPL,2023-03-15 18:33:23,60,34.3,39
2,AAPL,2023-03-15 18:33:23,68,24.2,488
1,GOOGL,2023-03-15 18:33:23,93,33.5,545
2,GOOGL,2023-03-15 18:33:23,71,9.1,56
1,TSLA,2023-03-15 18:33:23,77,88.9,711
2,TSLA,2023-03-15 18:33:23,6,43.9,197
1,AAPL,2023-03-15 18:43:23,90,95.5,91
2,AAPL,2023-03-15 18:43:23,41,59.3,652
1,GOOGL,2023-03-15 18:43:23,71,50.2,945
2,GOOGL,2023-03-15 18:43:23,19,15.5,806
1,TSLA,2023-03-15 18:43:23,86,35.5,406
2,TSLA,2023-03-15 18:43:23,52,18.4,607
1,AAPL,2023-03-15 18:53:23,82,52.4,495
2,AAPL,2023-03-15 18:53:23,2,6,261
1,GOOGL,2023-03-15 18:53:23,3,52.2,718
2,GOOGL,2023-03-15 18:53:23,73,20.7,552
1,TSLA,2023-03-15 18:53:23,65,32.1,780
2,TSLA,2023-03-15 18:53:23,23,38.5,118
1,AAPL,2023-03-15 19:03:23,74,2.2,502
2,AAPL,2023-03-15 19:03:23,55,79.6,645
1,GOOGL,2023-03-15 19:03:23,36,85.1,543
2,GOOGL,2023-03-15 19:03:23,48,33.6,982
1,TSLA,2023-03-15 19:03:23,71,62.1,960
2,TSLA,2023-03-15 19:03:23,86,75.4,84
1,AAPL,2023-03-15 19:13:23,19,68.5,451
2,AAPL,2023-03-15 19:13:23,15,5.5,799
1,GOOGL,2023-03-15 19:13:23,45,48.5,407
2,GOOGL,2023-03-15 19:13:23,80,34.3,479
1,TSLA,2023-03-15 19:13:23,20,75.8,473
2,TSLA,2023-03-15 19:13:23,72,94.2,226
1,AAPL,2023-03-15 19:23:23,17,19.2,856
2,AAPL,2023-03-15 19:23:23,89,75.7,427
1,GOOGL,2023-03-15 19:23:23,42,72,976
2,GOOGL,2023-03-15 19:23:23,23,58.1,458
1,TSLA,2023-03-15 19:23:23,69,21.3,525
2,TSLA,2023-03-15 19:23:23,25,73.6,114
1,AAPL,2023-03-15 19:33:23,91,26.5,814
2,AAPL,2023-03-15 19:33:23,59,30.6,968
1,GOOGL,2023-03-15 19:33:23,18,38.7,929
2,GOOGL,2023-03-15 19:33:23,22,57.7,424
1,TSLA,2023-03-15 19:33:23,54,39,90
2,TSLA,2023-03-15 19:33:23,61,17,923
1,AAPL,2023-03-15 19:43:23,63,60.1,6
2,AAPL,2023-03-15 19:43:23,79,26.6,865
1,GOOGL,2023-03-15 19:43:23,32,96.5,272
2,GOOGL,2023-03-15 19:43:23,42,24.2,493
1,TSLA,2023-03-15 19:43:23,53,76.8,353
2,TSLA,2023-03-15 19:43:23,16,74.6,934
1,AAPL,2023-03-15 19:53:23,4,66.1,773
2,AAPL,2023-03-15 19:53:23,95,99.5,677
1,GOOGL,2023-03-15 19:53:23,95,9.9,39
2,GOOGL,2023-03-15 19:53:23,80,16.3,178
1,TSLA,2023-03-15 19:53:23,98,63.7,534
2,TSLA,2023-03-15 19:53:23,38,89.7,506
1,AAPL,2023-03-16 13:03:23,48,85.2,77
2,AAPL,2023-03-16 13:03:23,43,68.8,289
1,GOOGL,2023-03-16 13:03:23,50,88.2,403
2,GOOGL,2023-03-16 13:03:23,15,65.4,231
1,TSLA,2023-03-16 13:03:23,48,79.7,597
2,TSLA,2023-03-16 13:03:23,29,62.6,540
1,AAPL,2023-03-16 13:13:23,82,29.3,330
2,AAPL,2023-03-16 13:13:23,55,83.4,615
1,GOOGL,2023-03-16 13:13:23,75,63.1,967
2,GOOGL,2023-03-16 13:13:23,31,28.1,846
1,TSLA,2023-03-16 13:13:23,9,63.1,750
2,TSLA,2023-03-16 13:13:23,97,73.7,422
1,AAPL,2023-03-16 13:23:23,85,79,774
2,AAPL,2023-03-16 13:23:23,43,11.4,911
1,GOOGL,2023-03-16 13:23:23,72,62.8,810
2,GOOGL,2023-03-16 13:23:23,98,91.3,427
1,TSLA,2023-03-16 13:23:23,46,62.6,621
2,TSLA,2023-03-16 13:23:23,46,59,874
1,AAPL,2023-03-16 13:33:23,63,35.8,751
2,AAPL,2023-03-16 13:33:23,35,10.6,934
1,GOOGL,2023-03-16 13:33:23,12,43.5,652
2,GOOGL,2023-03-16 13:33:23,86,94.5,645
1,TSLA,2023-03-16 13:33:23,36,82.7,406
2,TSLA,2023-03-16 13:33:23,72,28.2,94
1,AAPL,2023-03-16 13:43:23,29,46.4,73
2,AAPL,2023-03-16 13:43:23,63,18.7,421
1,GOOGL,2023-03-16 13:43:23,68,51.9,525
2,GOOGL,2023-03-16 13:43:23,17,77.3,586
1,TSLA,2023-03-16 13:43:23,67,91.8,488
2,TSLA,2023-03-16 13:43:23,5,40.7,905
1,AAPL,2023-03-16 13:53:23,15,76.7,984
2,AAPL,2023-03-16 13:53:23,35,23.9,4
1,GOOGL,2023-03-16 13:53:23,71,50.6,801
2,GOOGL,2023-03-16 13:53:23,48,51.3,363
1,TSLA,2023-03-16 13:53:23,27,4.6,512
2,TSLA,2023-03-16 13:53:23,87,48.7,614
1,AAPL,2023-03-16 14:03:23,90,87.5,337
2,AAPL,2023-03-16 14:03:23,93,86,111
1,GOOGL,2023-03-16 14:03:23,9,65.3,304
2,GOOGL,2023-03-16 14:03:23,17,40,163
1,TSLA,2023-03-16 14:03:23,90,82.6,789
2,TSLA,2023-03-16 14:03:23,31,27.5,633
1,AAPL,2023-03-16 14:13:23,61,78.2,93
2,AAPL,2023-03-16 14:13:23,93,6.5,381
1,GOOGL,2023-03-16 14:13:23,11,60.4,687
2,GOOGL,2023-03-16 14:13:23,78,97.2,244
1,TSLA,2023-03-16 14:13:23,14,55.4,963
2,TSLA,2023-03-16 14:13:23,34,97.4,947
1,AAPL,2023-03-16 14:23:23,10,32.1,962
2,AAPL,2023-03-16 14:23:23,21,90,260
1,GOOGL,2023-03-16 14:23:23,46,27.3,472
2,GOOGL,2023-03-16 14:23:23,32,87.4,627
1,TSLA,2023-03-16 14:23:23,81,15.8,679
2,TSLA,2023-03-16 14:23:23,1,3.4,710
1,AAPL,2023-03-16 14:33:23,22,83.3,670
2,AAPL,2023-03-16 14:33:23,74,28.5,778
1,GOOGL,2023-03-16 14:33:23,94,65.1,218
2,GOOGL,2023-03-16 14:33:23,40,22.9,175
1,TSLA,2023-03-16 14:33:23,99,58.9,144
2,TSLA,2023-03-16 14:33:23,8,83.9,17
1,AAPL,2023-03-16 14:43:23,48,10.4,524
2,AAPL,2023-03-16 14:43:23,43,34.1,108
1,GOOGL,2023-03-16 14:43:23,86,69.8,103
2,GOOGL,2023-03-16 14:43:23,80,40.6,378
1,TSLA,2023-03-16 14:43:23,86,42.1,573
2,TSLA,2023-03-16 14:43:23,87,29.7,824
1,AAPL,2023-03-16 14:53:23,40,46.6,643
2,AAPL,2023-03-16 14:53:23,41,22.4,814
1,GOOGL,2023-03-16 14:53:23,57,32.9,895
2,GOOGL,2023-03-16 14:53:23,25,37.5,594
1,TSLA,2023-03-16 14:53:23,83,41.8,5
2,TSLA,2023-03-16 14:53:23,98,0.9,545
1,AAPL,2023-03-16 15:03:23,56,54.8,895
2,AAPL,2023-03-16 15:03:23,21,30.9,702
1,GOOGL,2023-03-16 15:03:23,58,60.9,633
2,GOOGL,2023-03-16 15:03:23,66,65.5,713
1,TSLA,2023-03-16 15:03:23,11,89.1,572
2,TSLA,2023-03-16 15:03:23,23,9.1,233
1,AAPL,2023-03-16 15:13:23,31,47.4,73
2,AAPL,2023-03-16 15:13:23,96,41.9,104
1,GOOGL,2023-03-16 15:13:23,26,24.6,699
2,GOOGL,2023-03-16 15:13:23,5,3.5,577
1,TSLA,2023-03-16 15:13:23,59,46.7,977
2,TSLA,2023-03-16 15:13:23,54,67.1,59
1,AAPL,2023-03-16 15:23:23,37,99.9,834
2,AAPL,2023-03-16 15:23:23,10,28.3,982
1,GOOGL,2023-03-16 15:23:23,62,46.2,719
2,GOOGL,2023-03-16 15:23:23,90,74.1,859
1,TSLA,2023-03-16 15:23:23,86,91.9,491
2,TSLA,2023-03-16 15:23:23,77,10.5,50
1,AAPL,2023-03-16 15:33:23,32,49.8,114
2,AAPL,2023-03-16 15:33:23,35,65.9,563
1,GOOGL,2023-03-16 15:33:23,82,16.3,121
2,GOOGL,2023-03-16 15:33:23,54,93.1,225
1,TSLA,2023-03-16 15:33:23,41,46.8,283
2,TSLA,2023-03-16 15:33:23,42,19,847
1,AAPL,2023-03-16 15:43:23,27,99.2,193
2,AAPL,2023-03-16 15:43:23,68,61.5,960
1,GOOGL,2023-03-16 15:43:23,90,67.6,490
2,GOOGL,2023-03-16 15:43:23,75,62.3,63
1,TSLA,2023-03-16 15:43:23,58,17.4,855
2,TSLA,2023-03-16 15:43:23,33,76.6,196
1,AAPL,2023-03-16 15:53:23,90,73.5,961
2,AAPL,2023-03-16 15:53:23,48,18.4,417
1,GOOGL,2023-03-16 15:53:23,48,40.5,245
2,GOOGL,2023-03-16 15:53:23,18,92.9,286
1,TSLA,2023-03-16 15:53:23,20,35.6,588
2,TSLA,2023-03-16 15:53:23,95,21.3,597
1,AAPL,2023-03-16 16:03:23,13,52.1,306
2,AAPL,2023-03-16 16:03:23,1,71.8,980
1,GOOGL,2023-03-16 16:03:23,40,98.9,473
2,GOOGL,2023-03-16 16:03:23,3,16.2,499
1,TSLA,2023-03-16 16:03:23,45,99.2,296
2,TSLA,2023-03-16 16:03:23,1,24.2,648
1,AAPL,2023-03-16 16:13:23,1,21.5,712
2,AAPL,2023-03-16 16:13:23,43,53.2,813
1,GOOGL,2023-03-16 16:13:23,26,78.1,836
2,GOOGL,2023-03-16 16:13:23,95,74.4,551
1,TSLA,2023-03-16 16:13:23,7,75.7,947
2,TSLA,2023-03-16 16:13:23,65,69.4,107
1,AAPL,2023-03-16 16:23:23,95,58.9,836
2,AAPL,2023-03-16 16:23:23,8,43.3,923
1,GOOGL,2023-03-16 16:23:23,22,74.5,642
2,GOOGL,2023-03-16 16:23:23,71,48.2,356
1,TSLA,2023-03-16 16:23:23,86,93.1,360
2,TSLA,2023-03-16 16:23:23,28,16.1,911
1,AAPL,2023-03-16 16:33:23,86,66.8,848
2,AAPL,2023-03-16 16:33:23,59,91.8,290
1,GOOGL,2023-03-16 16:33:23,45,91.2,486
2,GOOGL,2023-03-16 16:33:23,84,50,903
1,TSLA,2023-03-16 16:33:23,52,64.2,853
2,TSLA,2023-03-16 16:33:23,3,63.1,34
1,AAPL,2023-03-16 16:43:23,10,61.1,232
2,AAPL,2023-03-16 16:43:23,41,97.9,406
1,GOOGL,2023-03-16 16:43:23,88,53.4,479
2,GOOGL,2023-03-16 16:43:23,4,84.8,464
1,TSLA,2023-03-16 16:43:23,23,70.2,742
2,TSLA,2023-03-16 16:43:23,4,63.5,737
1,AAPL,2023-03-16 16:53:23,93,89.6,754
2,AAPL,2023-03-16 16:53:23,22,60.9,660
1,GOOGL,2023-03-16 16:53:23,34,54.5,91
2,GOOGL,2023-03-16 16:53:23,98,68.6,406
1,TSLA,2023-03-16 16:53:23,30,37,904
2,TSLA,2023-03-16 16:53:23,65,76.5,533
1,AAPL,2023-03-16 17:03:23,85,37.3,780
2,AAPL,2023-03-16 17:03:23,74,13.3,129
1,GOOGL,2023-03-16 17:03:23,58,45.9,666
2,GOOGL,2023-03-16 17:03:23,85,87,239
1,TSLA,2023-03-16 17:03:23,1,7.9,991
2,TSLA,2023-03-16 17:03:23,35,8.6,861
1,AAPL,2023-03-16 17:13:23,54,62.5,649
2,AAPL,2023-03-16 17:13:23,71,25.9,865
1,GOOGL,2023-03-16 17:13:23,79,3.2,585
2,GOOGL,2023-03-16 17:13:23,89,4.1,728
1,TSLA,2023-03-16 17:13:23,24,48.6,346
2,TSLA,2023-03-16 17:13:23,7,57,0
1,AAPL,2023-03-16 17:23:23,56,84.7,73
2,AAPL,2023-03-16 17:23:23,32,89.9,334
1,GOOGL,2023-03-16 17:23:23,5,62.9,677
2,GOOGL,2023-03-16 17:23:23,62,38.2,203
1,TSLA,2023-03-16 17:23:23,80,68.2,862
2,TSLA,2023-03-16 17:23:23,36,22.9,698
1,AAPL,2023-03-16 17:33:23,61,5.1,933
2,AAPL,2023-03-16 17:33:23,60,50.1,454
1,GOOGL,2023-03-16 17:33:23,56,56.1,418
2,GOOGL,2023-03-16 17:33:23,82,76.4,170
1,TSLA,2023-03-16 17:33:23,51,73.1,339
2,TSLA,2023-03-16 17:33:23,94,66.5,356
1,AAPL,2023-03-16 17:43:23,33,14.2,989
2,AAPL,2023-03-16 17:43:23,48,96.8,949
1,GOOGL,2023-03-16 17:43:23,23,38.3,214
2,GOOGL,2023-03-16 17:43:23,51,7.5,954
1,TSLA,2023-03-16 17:43:23,3,64.1,646
2,TSLA,2023-03-16 17:43:23,67,69.9,516
1,AAPL,2023-03-16 17:53:23,73,53,339
2,AAPL,2023-03-16 17:53:23,7,11.4,544
1,GOOGL,2023-03-16 17:53:23,55,50.9,19
2,GOOGL,2023-03-16 17:53:23,33,61.2,498
1,TSLA,2023-03-16 17:53:23,25,58,717
2,TSLA,2023-03-16 17:53:23,90,8,205
1,AAPL,2023-03-16 18:03:23,91,95.8,431
2,AAPL,2023-03-16 18:03:23,83,37.1,847
1,GOOGL,2023-03-16 18:03:23,20,28.4,758
2,GOOGL,2023-03-16 18:03:23,98,33.6,449
1,TSLA,2023-03-16 18:03:23,94,12,817
2,TSLA,2023-03-16 18:03:23,36,50.3,815
1,AAPL,2023-03-16 18:13:23,13,27.6,354
2,AAPL,2023-03-16 18:13:23,31,44.6,143
1,GOOGL,2023-03-16 18:13:23,77,8.6,736
2,GOOGL,2023-03-16 18:13:23,66,29.3,384
1,TSLA,2023-03-16 18:13:23,28,80.7,462
2,TSLA,2023-03-16 18:13:23,32,37.5,710
1,AAPL,2023-03-16 18:23:23,44,38.5,130
2,AAPL,2023-03-16 18:23:23,20,10.5,646
1,GOOGL,2023-03-16 18:23:23,83,38.8,689
2,GOOGL,2023-03-16 18:23:23,90,28.6,899
1,TSLA,2023-03-16 18:23:23,19,66.8,185
2,TSLA,2023-03-16 18:23:23,3,11.6,311
1,AAPL,2023-03-16 18:33:23,80,30.5,222
2,AAPL,2023-03-16 18:33:23,80,0.6,131
1,GOOGL,2023-03-16 18:33:23,88,50.6,11
2,GOOGL,2023-03-16 18:33:23,94,19.8,801
1,TSLA,2023-03-16 18:33:23,77,70.9,671
2,TSLA,2023-03-16 18:33:23,53,8,169
1,AAPL,2023-03-16 18:43:23,95,1.5,587
2,AAPL,2023-03-16 18:43:23,20,78.2,828
1,GOOGL,2023-03-16 18:43:23,38,23,599
2,GOOGL,2023-03-16 18:43:23,54,14.4,8
1,TSLA,2023-03-16 18:43:23,30,89.3,524
2,TSLA,2023-03-16 18:43:23,27,74.5,229
1,AAPL,2023-03-16 18:53:23,38,98,649
2,AAPL,2023-03-16 18:53:23,7,26.5,318
1,GOOGL,2023-03-16 18:53:23,88,54.6,109
2,GOOGL,2023-03-16 18:53:23,34,51.4,757
1,TSLA,2023-03-16 18:53:23,27,12.4,564
2,TSLA,2023-03-16 18:53:23,85,57.3,276
1,AAPL,2023-03-16 19:03:23,9,35,722
2,AAPL,2023-03-16 19:03:23,64,84,959
1,GOOGL,2023-03-16 19:03:23,34,6.8,653
2,GOOGL,2023-03-16 19:03:23,38,46.1,635
1,TSLA,2023-03-16 19:03:23,36,48.6,412
2,TSLA,2023-03-16 19:03:23,19,28.3,493
1,AAPL,2023-03-16 19:13:23,46,14,654
2,AAPL,2023-03-16 19:13:23,37,74.8,823
1,GOOGL,2023-03-16 19:13:23,51,97.7,214
2,GOOGL,2023-03-16 19:13:23,82,79,481
1,TSLA,2023-03-16 19:13:23,42,91.9,994
2,TSLA,2023-03-16 19:13:23,56,24.5,469
1,AAPL,2023-03-16 19:23:23,14,8.7,696
2,AAPL,2023-03-16 19:23:23,75,55.2,820
1,GOOGL,2023-03-16 19:23:23,19,65.2,735
2,GOOGL,2023-03-16 19:23:23,51,88.5,675
1,TSLA,2023-03-16 19:23:23,18,67.4,882
2,TSLA,2023-03-16 19:23:23,90,21.6,255
1,AAPL,2023-03-16 19:33:23,66,95.5,746
2,AAPL,2023-03-16 19:33:23,18,91,720
1,GOOGL,2023-03-16 19:33:23,46,95.5,18
2,GOOGL,2023-03-16 19:33:23,34,74.6,11
1,TSLA,2023-03-16 19:33:23,24,50.7,866
2,TSLA,2023-03-16 19:33:23,31,41.6,554
1,AAPL,2023-03-16 19:43:23,73,68.4,722
2,AAPL,2023-03-16 19:43:23,27,43.2,151
1,GOOGL,2023-03-16 19:43:23,23,41.1,346
2,GOOGL,2023-03-16 19:43:23,1,6.5,718
1,TSLA,2023-03-16 19:43:23,8,78,200
2,TSLA,2023-03-16 19:43:23,30,79.9,350
1,AAPL,2023-03-16 19:53:23,100,65.6,334
2,AAPL,2023-03-16 19:53:23,7,64.1,517
1,GOOGL,2023-03-16 19:53:23,7,50.1,541
2,GOOGL,2023-03-16 19:53:23,14,83.4,480
1,TSLA,2023-03-16 19:53:23,18,10.4,587
2,TSLA,2023-03-16 19:53:23,34,72.5,883
1,AAPL,2023-03-17 13:03:23,48,51.2,539
2,AAPL,2023-03-17 13:03:23,8,24.7,634
1,GOOGL,2023-03-17 13:03:23,65,97.5,304
2,GOOGL,2023-03-17 13:03:23,73,68,38
1,TSLA,2023-03-17 13:03:23,46,43.8,308
2,TSLA,2023-03-17 13:03:23,23,49.9,586
1,AAPL,2023-03-17 13:13:23,57,23.8,600
2,AAPL,2023-03-17 13:13:23,4,44,598
1,GOOGL,2023-03-17 13:13:23,84,15.6,176
2,GOOGL,2023-03-17 13:13:23,90,74.8,968
1,TSLA,2023-03-17 13:13:23,86,73.1,743
2,TSLA,2023-03-17 13:13:23,1,67,263
1,AAPL,2023-03-17 13:23:23,92,94.9,750
2,AAPL,2023-03-17 13:23:23,40,97.7,138
1,GOOGL,2023-03-17 13:23:23,19,96.1,516
2,GOOGL,2023-03-17 13:23:23,67,68.6,611
1,TSLA,2023-03-17 13:23:23,44,99.9,512
2,TSLA,2023-03-17 13:23:23,57,73.3,694
1,AAPL,2023-03-17 13:33:23,32,83.5,279
2,AAPL,2023-03-17 13:33:23,48,82.5,418
1,GOOGL,2023-03-17 13:33:23,21,43.8,950
2,GOOGL,2023-03-17 13:33:23,83,86.8,223
1,TSLA,2023-03-17 13:33:23,80,81.6,175
2,TSLA,2023-03-17 13:33:23,48,33.6,623
1,AAPL,2023-03-17 13:43:23,84,65.3,225
2,AAPL,2023-03-17 13:43:23,40,0.1,840
1,GOOGL,2023-03-17 13:43:23,11,94.1,976
2,GOOGL,2023-03-17 13:43:23,64,33.8,374
1,TSLA,2023-03-17 13:43:23,64,93.3,19
2,TSLA,2023-03-17 13:43:23,28,76.9,683
1,AAPL,2023-03-17 13:53:23,38,74.1,517
2,AAPL,2023-03-17 13:53:23,25,1.6,11
1,GOOGL,2023-03-17 13:53:23,88,80.4,844
2,GOOGL,2023-03-17 13:53:23,95,50.7,914
1,TSLA,2023-03-17 13:53:23,13,33.1,475
2,TSLA,2023-03-17 13:53:23,91,16.3,488
1,AAPL,2023-03-17 14:03:23,20,91.5,948
2,AAPL,2023-03-17 14:03:23,80,19.1,767
1,GOOGL,2023-03-17 14:03:23,42,77.7,883
2,GOOGL,2023-03-17 14:03:23,71,43.4,682
1,TSLA,2023-03-17 14:03:23,33,83.1,655
2,TSLA,2023-03-17 14:03:23,38,61.9,101
1,AAPL,2023-03-17 14:13:23,94,57.4,496
2,AAPL,2023-03-17 14:13:23,33,64,161
1,GOOGL,2023-03-17 14:13:23,54,22.4,98
2,GOOGL,2023-03-17 14:13:23,62,58.3,701
1,TSLA,2023-03-17 14:13:23,58,89.4,573
2,TSLA,2023-03-17 14:13:23,90,68.9,13
1,AAPL,2023-03-17 14:23:23,43,56.5,546
2,AAPL,2023-03-17 14:23:23,6,77.7,421
1,GOOGL,2023-03-17 14:23:23,37,3.1,301
2,GOOGL,2023-03-17 14:23:23,79,2,36
1,TSLA,2023-03-17 14:23:23,100,46.9,162
2,TSLA,2023-03-17 14:23:23,19,46.3,285
1,AAPL,2023-03-17 14:33:23,17,59.9,421
2,AAPL,2023-03-17 14:33:23,32,61.5,937
1,GOOGL,2023-03-17 14:33:23,35,83.6,401
2,GOOGL,2023-03-17 14:33:23,19,39.3,352
1,TSLA,2023-03-17 14:33:23,35,67.8,344
2,TSLA,2023-03-17 14:33:23,45,32.7,786
1,AAPL,2023-03-17 14:43:23,34,82.4,789
2,AAPL,2023-03-17 14:43:23,83,35.9,858
1,GOOGL,2023-03-17 14:43:23,76,50.8,113
2,GOOGL,2023-03-17 14:43:23,58,30.7,152
1,TSLA,2023-03-17 14:43:23,38,59.8,962
2,TSLA,2023-03-17 14:43:23,74,71.9,451
1,AAPL,2023-03-17 14:53:23,90,47.5,43
2,AAPL,2023-03-17 14:53:23,17,83.5,410
1,GOOGL,2023-03-17 14:53:23,28,88.8,284
2,GOOGL,2023-03-17 14:53:23,26,66.7,903
1,TSLA,2023-03-17 14:53:23,6,53.4,634
2,TSLA,2023-03-17 14:53:23,10,83.5,581
1,AAPL,2023-03-17 15:03:23,23,68.2,728
2,AAPL,2023-03-17 15:03:23,81,66.2,157
1,GOOGL,2023-03-17 15:03:23,13,84.4,28
2,GOOGL,2023-03-17 15:03:23,11,34.1,382
1,TSLA,2023-03-17 15:03:23,16,64.2,24
2,TSLA,2023-03-17 15:03:23,49,84.3,670
1,AAPL,2023-03-17 15:13:23,23,5.3,805
2,AAPL,2023-03-17 15:13:23,39,71.5,51
1,GOOGL,2023-03-17 15:13:23,50,65.7,266
2,GOOGL,2023-03-17 15:13:23,4,42,352
1,TSLA,2023-03-17 15:13:23,40,49.6,287
2,TSLA,2023-03-17 15:13:23,51,88.4,124
1,AAPL,2023-03-17 15:23:23,9,47.2,940
2,AAPL,2023-03-17 15:23:23,25,59.9,300
1,GOOGL,2023-03-17 15:23:23,17,46.7,701
2,GOOGL,2023-03-17 15:23:23,4,69.3,788
1,TSLA,2023-03-17 15:23:23,74,28.2,758
2,TSLA,2023-03-17 15:23:23,25,59.2,743
1,AAPL,2023-03-17 15:33:23,96,16.5,206
2,AAPL,2023-03-17 15:33:23,82,41,62
1,GOOGL,2023-03-17 15:33:23,31,83.5,190
2,GOOGL,2023-03-17 15:33:23,46,90.2,837
1,TSLA,2023-03-17 15:33:23,16,46.5,416
2,TSLA,2023-03-17 15:33:23,80,63.2,194
1,AAPL,2023-03-17 15:43:23,2,8.4,497
2,AAPL,2023-03-17 15:43:23,12,43.4,956
1,GOOGL,2023-03-17 15:43:23,43,30.7,232
2,GOOGL,2023-03-17 15:43:23,89,35.5,192
1,TSLA,2023-03-17 15:43:23,67,75.6,937
2,TSLA,2023-03-17 15:43:23,65,85.6,35
1,AAPL,2023-03-17 15:53:23,56,31.9,212
2,AAPL,2023-03-17 15:53:23,28,41.9,862
1,GOOGL,2023-03-17 15:53:23,94,47.1,651
2,GOOGL,2023-03-17 15:53:23,34,91.7,10
1,TSLA,2023-03-17 15:53:23,16,96.7,334
2,TSLA,2023-03-17 15:53:23,72,0,795
1,AAPL,2023-03-17 16:03:23,83,42.2,354
2,AAPL,2023-03-17 16:03:23,84,72.5,676
1,GOOGL,2023-03-17 16:03:23,62,78.1,971
2,GOOGL,2023-03-17 16:03:23,30,34.5,200
1,TSLA,2023-03-17 16:03:23,27,2.6,323
2,TSLA,2023-03-17 16:03:23,63,66.6,35
1,AAPL,2023-03-17 16:13:23,49,7.2,116
2,AAPL,2023-03-17 16:13:23,10,36.6,767
1,GOOGL,2023-03-17 16:13:23,34,63.3,624
2,GOOGL,2023-03-17 16:13:23,89,87.4,594
1,TSLA,2023-03-17 16:13:23,26,64.2,926
2,TSLA,2023-03-17 16:13:23,81,67.4,461
1,AAPL,2023-03-17 16:23:23,50,85.6,942
2,AAPL,2023-03-17 16:23:23,3,96.1,692
1,GOOGL,2023-03-17 16:23:23,18,13.6,634
2,GOOGL,2023-03-17 16:23:23,9,28.2,545
1,TSLA,2023-03-17 16:23:23,37,45.4,677
2,TSLA,2023-03-17 16:23:23,62,39.5,405
1,AAPL,2023-03-17 16:33:23,57,4.2,960
2,AAPL,2023-03-17 16:33:23,4,57.5,76
1,GOOGL,2023-03-17 16:33:23,9,41.5,885
2,GOOGL,2023-03-17 16:33:23,20,91.7,959
1,TSLA,2023-03-17 16:33:23,99,20.3,451
2,TSLA,2023-03-17 16:33:23,92,48.7,471
1,AAPL,2023-03-17 16:43:23,50,77.1,777
2,AAPL,2023-03-17 16:43:23,8,14.9,595
1,GOOGL,2023-03-17 16:43:23,81,56.7,250
2,GOOGL,2023-03-17 16:43:23,96,98.2,540
1,TSLA,2023-03-17 16:43:23,86,34.2,346
2,TSLA,2023-03-17 16:43:23,22,56.2,161
1,AAPL,2023-03-17 16:53:23,50,38.5,747
2,AAPL,2023-03-17 16:53:23,46,3.3,776
1,GOOGL,2023-03-17 16:53:23,29,90.8,559
2,GOOGL,2023-03-17 16:53:23,52,70.2,860
1,TSLA,2023-03-17 16:53:23,91,59.2,43
2,TSLA,2023-03-17 16:53:23,69,77.6,951
1,AAPL,2023-03-17 17:03:23,86,9.6,822
2,AAPL,2023-03-17 17:03:23,28,20.4,903
1,GOOGL,2023-03-17 17:03:23,6,99.5,257
2,GOOGL,2023-03-17 17:03:23,100,95.6,669
1,TSLA,2023-03-17 17:03:23,77,10,103
2,TSLA,2023-03-17 17:03:23,2,4.5,798
1,AAPL,2023-03-17 17:13:23,70,65.1,608
2,AAPL,2023-03-17 17:13:23,98,66.8,994
1,GOOGL,2023-03-17 17:13:23,18,35.5,459
2,GOOGL,2023-03-17 17:13:23,99,41.5,483
1,TSLA,2023-03-17 17:13:23,22,40.5,924
2,TSLA,2023-03-17 17:13:23,10,59.9,812
1,AAPL,2023-03-17 17:23:23,33,95.5,520
2,AAPL,2023-03-17 17:23:23,30,76.6,66
1,GOOGL,2023-03-17 17:23:23,7,12.4,990
2,GOOGL,2023-03-17 17:23:23,32,49.9,375
1,TSLA,2023-03-17 17:23:23,12,0.9,230
2,TSLA,2023-03-17 17:23:23,38,98.5,228
1,AAPL,2023-03-17 17:33:23,6,50.1,493
2,AAPL,2023-03-17 17:33:23,47,56.1,593
1,GOOGL,2023-03-17 17:33:23,23,16.1,998
2,GOOGL,2023-03-17 17:33:23,43,98.2,206
1,TSLA,2023-03-17 17:33:23,20,46.6,502
2,TSLA,2023-03-17 17:33:23,70,40.8,641
1,AAPL,2023-03-17 17:43:23,99,98.8,723
2,AAPL,2023-03-17 17:43:23,35,90.7,47
1,GOOGL,2023-03-17 17:43:23,23,97.9,564
2,GOOGL,2023-03-17 17:43:23,94,9.4,66
1,TSLA,2023-03-17 17:43:23,27,42,915
2,TSLA,2023-03-17 17:43:23,19,65.4,632
1,AAPL,2023-03-17 17:53:23,36,27.3,707
2,AAPL,2023-03-17 17:53:23,62,9.8,209
1,GOOGL,2023-03-17 17:53:23,97,78.9,366
2,GOOGL,2023-03-17 17:53:23,23,53.4,822
1,TSLA,2023-03-17 17:53:23,78,74.2,627
2,TSLA,2023-03-17 17:53:23,56,26.2,424
1,AAPL,2023-03-17 18:03:23,2,95.6,247
2,AAPL,2023-03-17 18:03:23,41,61.8,816
1,GOOGL,2023-03-17 18:03:23,33,8.5,981
2,GOOGL,2023-03-17 18:03:23,86,15.1,453
1,TSLA,2023-03-17 18:03:23,59,92.5,888
2,TSLA,2023-03-17 18:03:23,56,26.5,797
1,AAPL,2023-03-17 18:13:23,89,57.7,215
2,AAPL,2023-03-17 18:13:23,3,94.8,96
1,GOOGL,2023-03-17 18:13:23,53,16.1,800
2,GOOGL,2023-03-17 18:13:23,37,49,564
1,TSLA,2023-03-17 18:13:23,92,42.6,188
2,TSLA,2023-03-17 18:13:23,45,43.8,533
1,AAPL,2023-03-17 18:23:23,57,16.3,38
2,AAPL,2023-03-17 18:23:23,5,39,551
1,GOOGL,2023-03-17 18:23:23,95,88.5,379
2,GOOGL,2023-03-17 18:23:23,69,20.8,977
1,TSLA,2023-03-17 18:23:23,48,33.8,983
2,TSLA,2023-03-17 18:23:23,4,70.8,924
1,AAPL,2023-03-17 18:33:23,71,5.2,885
2,AAPL,2023-03-17 18:33:23,12,58.9,540
1,GOOGL,2023-03-17 18:33:23,81,79.9,678
2,GOOGL,2023-03-17 18:33:23,89,33.6,948
1,TSLA,2023-03-17 18:33:23,17,72.7,945
2,TSLA,2023-03-17 18:33:23,33,42.4,768
1,AAPL,2023-03-17 18:43:23,13,88.1,753
2,AAPL,2023-03-17 18:43:23,94,96.6,964
1,GOOGL,2023-03-17 18:43:23,26,6.7,624
2,GOOGL,2023-03-17 18:43:23,7,23.6,997
1,TSLA,2023-03-17 18:43:23,52,91.7,648
2,TSLA,2023-03-17 18:43:23,100,68.8,593
1,AAPL,2023-03-17 18:53:23,69,82.5,750
2,AAPL,2023-03-17 18:53:23,49,62.7,729
1,GOOGL,2023-03-17 18:53:23,74,12.4,767
2,GOOGL,2023-03-17 18:53:23,30,8.7,21
1,TSLA,2023-03-17 18:53:23,85,53.8,188
2,TSLA,2023-03-17 18:53:23,13,83.8,227
1,AAPL,2023-03-17 19:03:23,25,33.9,78
2,AAPL,2023-03-17 19:03:23,99,67,772
1,GOOGL,2023-03-17 19:03:23,33,62.8,891
2,GOOGL,2023-03-17 19:03:23,91,47.8,985
1,TSLA,2023-03-17 19:03:23,85,92.4,430
2,TSLA,2023-03-17 19:03:23,20,48.9,369
1,AAPL,2023-03-17 19:13:23,85,29.6,110
2,AAPL,2023-03-17 19:13:23,90,89.1,46
1,GOOGL,2023-03-17 19:13:23,94,15.1,41
2,GOOGL,2023-03-17 19:13:23,64,92.1,225
1,TSLA,2023-03-17 19:13:23,41,4.7,10
2,TSLA,2023-03-17 19:13:23,68,38.5,548
1,AAPL,2023-03-17 19:23:23,88,39.2,123
2,AAPL,2023-03-17 19:23:23,4,89,162
1,GOOGL,2023-03-17 19:23:23,49,93.6,271
2,GOOGL,2023-03-17 19:23:23,24,33.5,126
1,TSLA,2023-03-17 19:23:23,15,19.5,924
2,TSLA,2023-03-17 19:23:23,84,16,596
1,AAPL,2023-03-17 19:33:23,4,6.3,108
2,AAPL,2023-03-17 19:33:23,13,47.8,823
1,GOOGL,2023-03-17 19:33:23,36,92.6,504
2,GOOGL,2023-03-17 19:33:23,91,65.3,431
1,TSLA,2023-03-17 19:33:23,60,64.8,33
2,TSLA,2023-03-17 19:33:23,98,86.3,43
1,AAPL,2023-03-17 19:43:23,91,88.8,927
2,AAPL,2023-03-17 19:43:23,17,8.5,600
1,GOOGL,2023-03-17 19:43:23,80,4,252
2,GOOGL,2023-03-17 19:43:23,30,5.8,919
1,TSLA,2023-03-17 19:43:23,32,12.1,993
2,TSLA,2023-03-17 19:43:23,79,78.3,497
1,AAPL,2023-03-17 19:53:23,8,30.4,894
2,AAPL,2023-03-17 19:53:23,40,5.2,321
1,GOOGL,2023-03-17 19:53:23,68,48.3,825
2,GOOGL,2023-03-17 19:53:23,41,99.5,960
1,TSLA,2023-03-17 19:53:23,12,2.7,855
2,TSLA,2023-03-17 19:53:23,54,15.5,550
1,AAPL,2023-03-18 13:03:23,26,96.8,658
2,AAPL,2023-03-18 13:03:23,61,42.2,719
1,GOOGL,2023-03-18 13:03:23,69,66.6,269
2,GOOGL,2023-03-18 13:03:23,12,0.1,581
1,TSLA,2023-03-18 13:03:23,70,25.7,32
2,TSLA,2023-03-18 13:03:23,23,75.8,783
1,AAPL,2023-03-18 13:13:23,22,61.4,892
2,AAPL,2023-03-18 13:13:23,38,75.6,474
1,GOOGL,2023-03-18 13:13:23,48,75.7,700
2,GOOGL,2023-03-18 13:13:23,90,52.8,138
1,TSLA,2023-03-18 13:13:23,76,92.9,780
2,TSLA,2023-03-18 13:13:23,8,83.3,640
1,AAPL,2023-03-18 13:23:23,88,96.1,479
2,AAPL,2023-03-18 13:23:23,66,56.4,547
1,GOOGL,2023-03-18 13:23:23,81,26,291
2,GOOGL,2023-03-18 13:23:23,75,3.9,848
1,TSLA,2023-03-18 13:23:23,37,98.5,475
2,TSLA,2023-03-18 13:23:23,92,97.9,693
1,AAPL,2023-03-18 13:33:23,63,13,580
2,AAPL,2023-03-18 13:33:23,64,8.5,61
1,GOOGL,2023-03-18 13:33:23,22,32.7,508
2,GOOGL,2023-03-18 13:33:23,66,61.9,278
1,TSLA,2023-03-18 13:33:23,62,17,180
2,TSLA,2023-03-18 13:33:23,33,62.9,446
1,AAPL,2023-03-18 13:43:23,29,14.2,416
2,AAPL,2023-03-18 13:43:23,99,82.3,697
1,GOOGL,2023-03-18 13:43:23,11,53.1,600
2,GOOGL,2023-03-18 13:43:23,43,26.1,860
1,TSLA,2023-03-18 13:43:23,33,26,559
2,TSLA,2023-03-18 13:43:23,33,68.9,515
1,AAPL,2023-03-18 13:53:23,100,21.2,211
2,AAPL,2023-03-18 13:53:23,49,71.1,521
1,GOOGL,2023-03-18 13:53:23,97,88.9,196
2,GOOGL,2023-03-18 13:53:23,90,61.6,111
1,TSLA,2023-03-18 13:53:23,99,59.3,123
2,TSLA,2023-03-18 13:53:23,96,69.2,456
1,AAPL,2023-03-18 14:03:23,52,88.4,29
2,AAPL,2023-03-18 14:03:23,75,45.2,475
1,GOOGL,2023-03-18 14:03:23,14,91.7,43
2,GOOGL,2023-03-18 14:03:23,98,90.2,130
1,TSLA,2023-03-18 14:03:23,23,78.9,667
2,TSLA,2023-03-18 14:03:23,68,97.7,394
1,AAPL,2023-03-18 14:13:23,90,82.6,704
2,AAPL,2023-03-18 14:13:23,43,87.9,236
1,GOOGL,2023-03-18 14:13:23,74,32.9,30
2,GOOGL,2023-03-18 14:13:23,85,82.5,247
1,TSLA,2023-03-18 14:13:23,21,82.1,736
2,TSLA,2023-03-18 14:13:23,52,67.2,643
1,AAPL,2023-03-18 14:23:23,54,76.3,897
2,AAPL,2023-03-18 14:23:23,53,42.1,806
1,GOOGL,2023-03-18 14:23:23,54,86.2,713
2,GOOGL,2023-03-18 14:23:23,32,21.6,863
1,TSLA,2023-03-18 14:23:23,20,70.4,114
2,TSLA,2023-03-18 14:23:23,74,76.7,128
1,AAPL,2023-03-18 14:33:23,73,58.8,602
2,AAPL,2023-03-18 14:33:23,65,6.7,420
1,GOOGL,2023-03-18 14:33:23,37,81.9,33
2,GOOGL,2023-03-18 14:33:23,72,43.7,124
1,TSLA,2023-03-18 14:33:23,23,70.3,844
2,TSLA,2023-03-18 14:33:23,70,69.3,872
1,AAPL,2023-03-18 14:43:23,13,33.6,891
2,AAPL,2023-03-18 14:43:23,32,29,242
1,GOOGL,2023-03-18 14:43:23,29,99.5,449
2,GOOGL,2023-03-18 14:43:23,9,59.7,438
1,TSLA,2023-03-18 14:43:23,77,98.4,269
2,TSLA,2023-03-18 14:43:23,86,68.4,641
1,AAPL,2023-03-18 14:53:23,13,56.4,62
2,AAPL,2023-03-18 14:53:23,58,62.8,726
1,GOOGL,2023-03-18 14:53:23,38,72,327
2,GOOGL,2023-03-18 14:53:23,28,94.3,666
1,TSLA,2023-03-18 14:53:23,81,37.4,160
2,TSLA,2023-03-18 14:53:23,78,59.5,520
1,AAPL,2023-03-18 15:03:23,72,99.4,435
2,AAPL,2023-03-18 15:03:23,44,3.7,786
1,GOOGL,2023-03-18 15:03:23,43,23.2,655
2,GOOGL,2023-03-18 15:03:23,68,89.8,62
1,TSLA,2023-03-18 15:03:23,58,97.7,262
2,TSLA,2023-03-18 15:03:23,46,6.3,729
1,AAPL,2023-03-18 15:13:23,100,54.1,743
2,AAPL,2023-03-18 15:13:23,50,78.5,760
1,GOOGL,2023-03-18 15:13:23,1,93.4,884
2,GOOGL,2023-03-18 15:13:23,24,68.8,968
1,TSLA,2023-03-18 15:13:23,71,17.3,776
2,TSLA,2023-03-18 15:13:23,22,67.9,646
1,AAPL,2023-03-18 15:23:23,55,99.8,67
2,AAPL,2023-03-18 15:23:23,9,71.9,84
1,GOOGL,2023-03-18 15:23:23,70,30.4,924
2,GOOGL,2023-03-18 15:23:23,70,29.4,546
1,TSLA,2023-03-18 15:23:23,12,83.3,891
2,TSLA,2023-03-18 15:23:23,84,9.8,0
1,AAPL,2023-03-18 15:33:23,67,81.7,816
2,AAPL,2023-03-18 15:33:23,41,39,865
1,GOOGL,2023-03-18 15:33:23,65,48.6,495
2,GOOGL,2023-03-18 15:33:23,49,0.4,339
1,TSLA,2023-03-18 15:33:23,44,87.8,219
2,TSLA,2023-03-18 15:33:23,7,89.6,293
1,AAPL,2023-03-18 15:43:23,46,84.8,935
2,AAPL,2023-03-18 15:43:23,35,97.6,955
1,GOOGL,2023-03-18 15:43:23,36,35.7,154
2,GOOGL,2023-03-18 15:43:23,31,65.8,759
1,TSLA,2023-03-18 15:43:23,71,58.2,135
2,TSLA,2023-03-18 15:43:23,80,52.6,375
1,AAPL,2023-03-18 15:53:23,38,94.8,363
2,AAPL,2023-03-18 15:53:23,65,7.9,196
1,GOOGL,2023-03-18 15:53:23,72,75.8,907
2,GOOGL,2023-03-18 15:53:23,22,71.4,57
1,TSLA,2023-03-18 15:53:23,72,7,976
2,TSLA,2023-03-18 15:53:23,10,2.7,31
1,AAPL,2023-03-18 16:03:23,72,1.8,466
2,AAPL,2023-03-18 16:03:23,37,54.5,230
1,GOOGL,2023-03-18 16:03:23,88,67.6,773
2,GOOGL,2023-03-18 16:03:23,97,87,648
1,TSLA,2023-03-18 16:03:23,56,7.9,416
2,TSLA,2023-03-18 16:03:23,47,55.7,747
1,AAPL,2023-03-18 16:13:23,68,32.8,118
2,AAPL,2023-03-18 16:13:23,92,11.4,266
1,GOOGL,2023-03-18 16:13:23,12,54.7,389
2,GOOGL,2023-03-18 16:13:23,22,39.1,757
1,TSLA,2023-03-18 16:13:23,69,78.4,359
2,TSLA,2023-03-18 16:13:23,96,11.4,482
1,AAPL,2023-03-18 16:23:23,80,99.7,768
2,AAPL,2023-03-18 16:23:23,22,35,248
1,GOOGL,2023-03-18 16:23:23,24,2.7,922
2,GOOGL,2023-03-18 16:23:23,57,43,614
1,TSLA,2023-03-18 16:23:23,10,2,692
2,TSLA,2023-03-18 16:23:23,19,16.9,631
1,AAPL,2023-03-18 16:33:23,39,80.8,683
2,AAPL,2023-03-18 16:33:23,3,26.7,582
1,GOOGL,2023-03-18 16:33:23,20,48.7,226
2,GOOGL,2023-03-18 16:33:23,19,18.6,30
1,TSLA,2023-03-18 16:33:23,4,8.9,805
2,TSLA,2023-03-18 16:33:23,84,20,31
1,AAPL,2023-03-18 16:43:23,36,22.8,457
2,AAPL,2023-03-18 16:43:23,31,38.8,791
1,GOOGL,2023-03-18 16:43:23,94,47.1,675
2,GOOGL,2023-03-18 16:43:23,25,77.6,464
1,TSLA,2023-03-18 16:43:23,47,39.9,706
2,TSLA,2023-03-18 16:43:23,40,54.9,532
1,AAPL,2023-03-18 16:53:23,31,68.6,638
2,AAPL,2023-03-18 16:53:23,83,90.6,531
1,GOOGL,2023-03-18 16:53:23,62,42.3,165
2,GOOGL,2023-03-18 16:53:23,85,91.7,594
1,TSLA,2023-03-18 16:53:23,86,52,641
2,TSLA,2023-03-18 16:53:23,17,99,537
1,AAPL,2023-03-18 17:03:23,42,82.4,33
2,AAPL,2023-03-18 17:03:23,75,6.9,676
1,GOOGL,2023-03-18 17:03:23,22,94.2,32
2,GOOGL,2023-03-18 17:03:23,51,83.2,319
1,TSLA,2023-03-18 17:03:23,71,8.9,934
2,TSLA,2023-03-18 17:03:23,86,3.8,355
1,AAPL,2023-03-18 17:13:23,71,38.3,151
2,AAPL,2023-03-18 17:13:23,19,80.2,578
1,GOOGL,2023-03-18 17:13:23,11,26,251
2,GOOGL,2023-03-18 17:13:23,78,56.5,107
1,TSLA,2023-03-18 17:13:23,5,79.7,538
2,TSLA,2023-03-18 17:13:23,22,9.3,881
1,AAPL,2023-03-18 17:23:23,68,99.4,655
2,AAPL,2023-03-18 17:23:23,63,60.2,196
1,GOOGL,2023-03-18 17:23:23,63,67.6,36
2,GOOGL,2023-03-18 17:23:23,33,32.9,147
1,TSLA,2023-03-18 17:23:23,19,75.3,828
2,TSLA,2023-03-18 17:23:23,18,43.2,1
1,AAPL,2023-03-18 17:33:23,3,75.9,757
2,AAPL,2023-03-18 17:33:23,51,27.1,781
1,GOOGL,2023-03-18 17:33:23,14,49.2,698
2,GOOGL,2023-03-18 17:33:23,1,76,97
1,TSLA,2023-03-18 17:33:23,55,34.8,876
2,TSLA,2023-03-18 17:33:23,23,92.8,959
1,AAPL,2023-03-18 17:43:23,40,25.8,288
2,AAPL,2023-03-18 17:43:23,36,40.2,392
1,GOOGL,2023-03-18 17:43:23,92,79.1,691
2,GOOGL,2023-03-18 17:43:23,88,31.8,320
1,TSLA,2023-03-18 17:43:23,33,6,934
2,TSLA,2023-03-18 17:43:23,90,0,478
1,AAPL,2023-03-18 17:53:23,52,81.1,290
2,AAPL,2023-03-18 17:53:23,6,56.2,623
1,GOOGL,2023-03-18 17:53:23,70,95.5,536
2,GOOGL,2023-03-18 17:53:23,31,21.6,821
1,TSLA,2023-03-18 17:53:23,37,2.7,134
2,TSLA,2023-03-18 17:53:23,2,91.8,849
1,AAPL,2023-03-18 18:03:23,10,90.6,13
2,AAPL,2023-03-18 18:03:23,34,90.7,886
1,GOOGL,2023-03-18 18:03:23,92,22.9,71
2,GOOGL,2023-03-18 18:03:23,42,42.3,276
1,TSLA,2023-03-18 18:03:23,28,13.6,503
2,TSLA,2023-03-18 18:03:23,100,76.7,155
1,AAPL,2023-03-18 18:13:23,54,84.9,762
2,AAPL,2023-03-18 18:13:23,43,91.4,624
1,GOOGL,2023-03-18 18:13:23,15,50.3,567
2,GOOGL,2023-03-18 18:13:23,46,91.9,321
1,TSLA,2023-03-18 18:13:23,14,51.3,578
2,TSLA,2023-03-18 18:13:23,72,74.3,943
1,AAPL,2023-03-18 18:23:23,8,22.5,780
2,AAPL,2023-03-18 18:23:23,79,74,129
1,GOOGL,2023-03-18 18:23:23,10,27.3,491
2,GOOGL,2023-03-18 18:23:23,89,18.9,30
1,TSLA,2023-03-18 18:23:23,49,51.5,658
2,TSLA,2023-03-18 18:23:23,90,88.9,23
1,AAPL,2023-03-18 18:33:23,8,27.2,887
2,AAPL,2023-03-18 18:33:23,45,28,243
1,GOOGL,2023-03-18 18:33:23,34,7.6,457
2,GOOGL,2023-03-18 18:33:23,10,7.9,265
1,TSLA,2023-03-18 18:33:23,63,61.6,664
2,TSLA,2023-03-18 18:33:23,45,65.3,923
1,AAPL,2023-03-18 18:43:23,75,55.7,628
2,AAPL,2023-03-18 18:43:23,27,31.3,817
1,GOOGL,2023-03-18 18:43:23,48,72.6,625
2,GOOGL,2023-03-18 18:43:23,12,83,93
1,TSLA,2023-03-18 18:43:23,27,98.9,970
2,TSLA,2023-03-18 18:43:23,80,72.4,235
1,AAPL,2023-03-18 18:53:23,7,87.3,600
2,AAPL,2023-03-18 18:53:23,85,48.8,127
1,GOOGL,2023-03-18 18:53:23,89,7.4,640
2,GOOGL,2023-03-18 18:53:23,18,83.2,980
1,TSLA,2023-03-18 18:53:23,97,15.9,577
2,TSLA,2023-03-18 18:53:23,90,59.3,724
1,AAPL,2023-03-18 19:03:23,4,38.5,869
2,AAPL,2023-03-18 19:03:23,74,43.2,158
1,GOOGL,2023-03-18 19:03:23,58,48.3,754
2,GOOGL,2023-03-18 19:03:23,31,56.4,837
1,TSLA,2023-03-18 19:03:23,63,73.8,786
2,TSLA,2023-03-18 19:03:23,5,31,147
1,AAPL,2023-03-18 19:13:23,95,87,146
2,AAPL,2023-03-18 19:13:23,20,48.8,641
1,GOOGL,2023-03-18 19:13:23,75,70.4,259
2,GOOGL,2023-03-18 19:13:23,1,50.6,91
1,TSLA,2023-03-18 19:13:23,53,64,554
2,TSLA,2023-03-18 19:13:23,94,9.2,468
1,AAPL,2023-03-18 19:23:23,82,79.4,922
2,AAPL,2023-03-18 19:23:23,20,20.8,105
1,GOOGL,2023-03-18 19:23:23,74,67.7,806
2,GOOGL,2023-03-18 19:23:23,41,0.4,833
1,TSLA,2023-03-18 19:23:23,41,98.9,432
2,TSLA,2023-03-18 19:23:23,9,17.4,175
1,AAPL,2023-03-18 19:33:23,78,55.1,814
2,AAPL,2023-03-18 19:33:23,43,79,747
1,GOOGL,2023-03-18 19:33:23,100,97.3,322
2,GOOGL,2023-03-18 19:33:23,53,45.2,499
1,TSLA,2023-03-18 19:33:23,81,29.1,909
2,TSLA,2023-03-18 19:33:23,29,15.5,641
1,AAPL,2023-03-18 19:43:23,48,42.8,886
2,AAPL,2023-03-18 19:43:23,84,53.2,174
1,GOOGL,2023-03-18 19:43:23,10,49.3,158
2,GOOGL,2023-03-18 19:43:23,65,98.3,68
1,TSLA,2023-03-18 19:43:23,66,59.4,65
2,TSLA,2023-03-18 19:43:23,91,93.6,406
1,AAPL,2023-03-18 19:53:23,89,81.6,576
2,AAPL,2023-03-18 19:53:23,33,63.3,198
1,GOOGL,2023-03-18 19:53:23,58,59.3,992
2,GOOGL,2023-03-18 19:53:23,24,39.9,993
1,TSLA,2023-03-18 19:53:23,44,27.3,53
2,TSLA,2023-03-18 19:53:23,53,53.3,548
1,AAPL,2023-03-19 13:03:23,5,55.4,987
2,AAPL,2023-03-19 13:03:23,80,20.5,62
1,GOOGL,2023-03-19 13:03:23,55,35.4,16
2,GOOGL,2023-03-19 13:03:23,93,68.9,905
1,TSLA,2023-03-19 13:03:23,53,16.9,461
2,TSLA,2023-03-19 13:03:23,16,20.1,239
1,AAPL,2023-03-19 13:13:23,23,32.9,958
2,AAPL,2023-03-19 13:13:23,56,69.1,832
1,GOOGL,2023-03-19 13:13:23,25,57.8,937
2,GOOGL,2023-03-19 13:13:23,74,45.2,864
1,TSLA,2023-03-19 13:13:23,56,56.1,153
2,TSLA,2023-03-19 13:13:23,82,16.4,440
1,AAPL,2023-03-19 13:23:23,64,97.5,637
2,AAPL,2023-03-19 13:23:23,61,66.9,293
1,GOOGL,2023-03-19 13:23:23,13,95.4,842
2,GOOGL,2023-03-19 13:23:23,99,17,214
1,TSLA,2023-03-19 13:23:23,82,8.4,458
2,TSLA,2023-03-19 13:23:23,85,6,447
1,AAPL,2023-03-19 13:33:23,16,60.1,736
2,AAPL,2023-03-19 13:33:23,79,80.7,665
1,GOOGL,2023-03-19 13:33:23,70,91.3,235
2,GOOGL,2023-03-19 13:33:23,99,57,166
1,TSLA,2023-03-19 13:33:23,22,81.6,628
2,TSLA,2023-03-19 13:33:23,30,1.1,465
1,AAPL,2023-03-19 13:43:23,17,7.4,325
2,AAPL,2023-03-19 13:43:23,45,8.8,348
1,GOOGL,2023-03-19 13:43:23,28,54.5,716
2,GOOGL,2023-03-19 13:43:23,10,55.8,525
1,TSLA,2023-03-19 13:43:23,35,75.8,608
2,TSLA,2023-03-19 13:43:23,86,86.5,988
1,AAPL,2023-03-19 13:53:23,73,67.8,136
2,AAPL,2023-03-19 13:53:23,55,58.9,678
1,GOOGL,2023-03-19 13:53:23,87,42.6,314
2,GOOGL,2023-03-19 13:53:23,92,91.4,176
1,TSLA,2023-03-19 13:53:23,45,54.3,585
2,TSLA,2023-03-19 13:53:23,53,89.4,34
1,AAPL,2023-03-19 14:03:23,30,42.4,105
2,AAPL,2023-03-19 14:03:23,25,61.8,623
1,GOOGL,2023-03-19 14:03:23,6,25.1,528
2,GOOGL,2023-03-19 14:03:23,71,82.6,530
1,TSLA,2023-03-19 14:03:23,35,76.7,311
2,TSLA,2023-03-19 14:03:23,13,47.1,249
1,AAPL,2023-03-19 14:13:23,46,20.4,909
2,AAPL,2023-03-19 14:13:23,65,75.8,239
1,GOOGL,2023-03-19 14:13:23,37,46.3,772
2,GOOGL,2023-03-19 14:13:23,97,44.8,479
1,TSLA,2023-03-19 14:13:23,21,5.8,523
2,TSLA,2023-03-19 14:13:23,47,55.9,613
1,AAPL,2023-03-19 14:23:23,68,27.2,879
2,AAPL,2023-03-19 14:23:23,74,30.9,407
1,GOOGL,2023-03-19 14:23:23,77,37,703
2,GOOGL,2023-03-19 14:23:23,65,6.9,584
1,TSLA,2023-03-19 14:23:23,13,91.8,251
2,TSLA,2023-03-19 14:23:23,32,0.6,438
1,AAPL,2023-03-19 14:33:23,12,12.5,501
2,AAPL,2023-03-19 14:33:23,94,8.8,858
1,GOOGL,2023-03-19 14:33:23,21,60.3,88
2,GOOGL,2023-03-19 14:33:23,24,29,636
1,TSLA,2023-03-19 14:33:23,39,12.9,279
2,TSLA,2023-03-19 14:33:23,84,51.8,746
1,AAPL,2023-03-19 14:43:23,72,68.2,281
2,AAPL,2023-03-19 14:43:23,82,43,556
1,GOOGL,2023-03-19 14:43:23,15,38.8,438
2,GOOGL,2023-03-19 14:43:23,56,42.7,359
1,TSLA,2023-03-19 14:43:23,31,41.4,585
2,TSLA,2023-03-19 14:43:23,36,81.9,576
1,AAPL,2023-03-19 14:53:23,75,93,319
2,AAPL,2023-03-19 14:53:23,19,88.6,65
1,GOOGL,2023-03-19 14:53:23,58,25.5,885
2,GOOGL,2023-03-19 14:53:23,4,97.1,334
1,TSLA,2023-03-19 14:53:23,61,4.4,500
2,TSLA,2023-03-19 14:53:23,24,46.2,47
1,AAPL,2023-03-19 15:03:23,64,59.2,351
2,AAPL,2023-03-19 15:03:23,33,84,504
1,GOOGL,2023-03-19 15:03:23,3,33.1,318
2,GOOGL,2023-03-19 15:03:23,20,32.8,195
1,TSLA,2023-03-19 15:03:23,95,86.7,494
2,TSLA,2023-03-19 15:03:23,76,8.5,421
1,AAPL,2023-03-19 15:13:23,24,4,739
2,AAPL,2023-03-19 15:13:23,49,85.8,732
1,GOOGL,2023-03-19 15:13:23,39,39.6,309
2,GOOGL,2023-03-19 15:13:23,22,9.7,115
1,TSLA,2023-03-19 15:13:23,49,60.7,812
2,TSLA,2023-03-19 15:13:23,10,83.6,340
1,AAPL,2023-03-19 15:23:23,28,51.6,98
2,AAPL,2023-03-19 15:23:23,99,2.3,963
1,GOOGL,2023-03-19 15:23:23,51,42.8,887
2,GOOGL,2023-03-19 15:23:23,4,5,442
1,TSLA,2023-03-19 15:23:23,36,94.7,573
2,TSLA,2023-03-19 15:23:23,7,75.6,521
1,AAPL,2023-03-19 15:33:23,52,95.2,880
2,AAPL,2023-03-19 15:33:23,20,63.2,723
1,GOOGL,2023-03-19 15:33:23,9,98.6,387
2,GOOGL,2023-03-19 15:33:23,18,9,512
1,TSLA,2023-03-19 15:33:23,41,96.5,629
2,TSLA,2023-03-19 15:33:23,55,27,672
1,AAPL,2023-03-19 15:43:23,90,34.7,835
2,AAPL,2023-03-19 15:43:23,93,17.4,471
1,GOOGL,2023-03-19 15:43:23,54,50.8,217
2,GOOGL,2023-03-19 15:43:23,74,47.6,376
1,TSLA,2023-03-19 15:43:23,83,51.9,201
2,TSLA,2023-03-19 15:43:23,42,33.6,209
1,AAPL,2023-03-19 15:53:23,67,85.2,387
2,AAPL,2023-03-19 15:53:23,27,3.8,407
1,GOOGL,2023-03-19 15:53:23,16,21.5,769
2,GOOGL,2023-03-19 15:53:23,67,41.7,937
1,TSLA,2023-03-19 15:53:23,96,40.6,316
2,TSLA,2023-03-19 15:53:23,61,8.3,189
1,AAPL,2023-03-19 16:03:23,31,29.6,491
2,AAPL,2023-03-19 16:03:23,100,56.8,353
1,GOOGL,2023-03-19 16:03:23,11,86.9,607
2,GOOGL,2023-03-19 16:03:23,82,35.7,815
1,TSLA,2023-03-19 16:03:23,67,57.9,706
2,TSLA,2023-03-19 16:03:23,47,63.8,478
1,AAPL,2023-03-19 16:13:23,57,67.9,296
2,AAPL,2023-03-19 16:13:23,12,43,36
1,GOOGL,2023-03-19 16:13:23,18,68.8,421
2,GOOGL,2023-03-19 16:13:23,74,54.7,401
1,TSLA,2023-03-19 16:13:23,90,37.4,716
2,TSLA,2023-03-19 16:13:23,78,80.9,646
1,AAPL,2023-03-19 16:23:23,52,87.2,491
2,AAPL,2023-03-19 16:23:23,83,78.6,679
1,GOOGL,2023-03-19 16:23:23,29,91.8,481
2,GOOGL,2023-03-19 16:23:23,15,5.5,780
1,TSLA,2023-03-19 16:23:23,25,91.6,463
2,TSLA,2023-03-19 16:23:23,14,74.7,251
1,AAPL,2023-03-19 16:33:23,15,19.7,654
2,AAPL,2023-03-19 16:33:23,53,13.4,870
1,GOOGL,2023-03-19 16:33:23,27,17.5,921
2,GOOGL,2023-03-19 16:33:23,14,68.9,388
1,TSLA,2023-03-19 16:33:23,79,60.5,346
2,TSLA,2023-03-19 16:33:23,71,59.4,861
1,AAPL,2023-03-19 16:43:23,88,5.6,782
2,AAPL,2023-03-19 16:43:23,83,54.8,245
1,GOOGL,2023-03-19 16:43:23,75,81.9,100
2,GOOGL,2023-03-19 16:43:23,48,27,326
1,TSLA,2023-03-19 16:43:23,51,59.8,729
2,TSLA,2023-03-19 16:43:23,38,66.5,409
1,AAPL,2023-03-19 16:53:23,48,18.5,805
2,AAPL,2023-03-19 16:53:23,86,31.4,386
1,GOOGL,2023-03-19 16:53:23,53,17.6,118
2,GOOGL,2023-03-19 16:53:23,3,60.2,568
1,TSLA,2023-03-19 16:53:23,9,34.2,412
2,TSLA,2023-03-19 16:53:23,27,52.4,649
1,AAPL,2023-03-19 17:03:23,72,21.5,489
2,AAPL,2023-03-19 17:03:23,45,97.3,514
1,GOOGL,2023-03-19 17:03:23,92,63.4,312
2,GOOGL,2023-03-19 17:03:23,1,60.9,358
1,TSLA,2023-03-19 17:03:23,37,76.3,395
2,TSLA,2023-03-19 17:03:23,68,81.9,505
1,AAPL,2023-03-19 17:13:23,35,70.1,555
2,AAPL,2023-03-19 17:13:23,9,85.2,444
1,GOOGL,2023-03-19 17:13:23,41,16.8,640
2,GOOGL,2023-03-19 17:13:23,35,98.7,358
1,TSLA,2023-03-19 17:13:23,98,4,13
2,TSLA,2023-03-19 17:13:23,58,55.3,670
1,AAPL,2023-03-19 17:23:23,77,17.2,944
2,AAPL,2023-03-19 17:23:23,100,4.5,545
1,GOOGL,2023-03-19 17:23:23,85,19.9,621
2,GOOGL,2023-03-19 17:23:23,55,76.8,937
1,TSLA,2023-03-19 17:23:23,45,93.2,440
2,TSLA,2023-03-19 17:23:23,95,17.3,219
1,AAPL,2023-03-19 17:33:23,3,85.4,109
2,AAPL,2023-03-19 17:33:23,69,48.3,859
1,GOOGL,2023-03-19 17:33:23,4,71.5,890
2,GOOGL,2023-03-19 17:33:23,72,99.2,930
1,TSLA,2023-03-19 17:33:23,36,14.8,759
2,TSLA,2023-03-19 17:33:23,29,64.6,589
1,AAPL,2023-03-19 17:43:23,67,8.1,656
2,AAPL,2023-03-19 17:43:23,98,71.7,378
1,GOOGL,2023-03-19 17:43:23,63,83.4,876
2,GOOGL,2023-03-19 17:43:23,51,61.4,938
1,TSLA,2023-03-19 17:43:23,58,68,808
2,TSLA,2023-03-19 17:43:23,80,99.1,185
1,AAPL,2023-03-19 17:53:23,99,33.9,821
2,AAPL,2023-03-19 17:53:23,92,81.5,599
1,GOOGL,2023-03-19 17:53:23,84,63.2,945
2,GOOGL,2023-03-19 17:53:23,53,39.3,865
1,TSLA,2023-03-19 17:53:23,96,74.6,781
2,TSLA,2023-03-19 17:53:23,16,25.7,815
1,AAPL,2023-03-19 18:03:23,88,61.8,607
2,AAPL,2023-03-19 18:03:23,83,91.1,402
1,GOOGL,2023-03-19 18:03:23,23,37.8,395
2,GOOGL,2023-03-19 18:03:23,7,41.9,201
1,TSLA,2023-03-19 18:03:23,96,91.4,528
2,TSLA,2023-03-19 18:03:23,78,68.7,726
1,AAPL,2023-03-19 18:13:23,61,50.4,337
2,AAPL,2023-03-19 18:13:23,28,24.8,602
1,GOOGL,2023-03-19 18:13:23,54,62.9,636
2,GOOGL,2023-03-19 18:13:23,98,43.3,370
1,TSLA,2023-03-19 18:13:23,59,52.7,908
2,TSLA,2023-03-19 18:13:23,35,91.3,142
1,AAPL,2023-03-19 18:23:23,51,7.2,970
2,AAPL,2023-03-19 18:23:23,71,19.8,917
1,GOOGL,2023-03-19 18:23:23,44,72.1,290
2,GOOGL,2023-03-19 18:23:23,20,30.4,131
1,TSLA,2023-03-19 18:23:23,16,23,58
2,TSLA,2023-03-19 18:23:23,4,78.3,821
1,AAPL,2023-03-19 18:33:23,2,25.2,608
2,AAPL,2023-03-19 18:33:23,53,96.2,229
1,GOOGL,2023-03-19 18:33:23,92,43.9,467
2,GOOGL,2023-03-19 18:33:23,80,57,787
1,TSLA,2023-03-19 18:33:23,65,64.1,222
2,TSLA,2023-03-19 18:33:23,18,1.7,697
1,AAPL,2023-03-19 18:43:23,96,94.3,648
2,AAPL,2023-03-19 18:43:23,38,82.5,599
1,GOOGL,2023-03-19 18:43:23,34,46.9,792
2,GOOGL,2023-03-19 18:43:23,84,37.6,948
1,TSLA,2023-03-19 18:43:23,46,24.8,209
2,TSLA,2023-03-19 18:43:23,67,60.3,273
1,AAPL,2023-03-19 18:53:23,93,24.9,834
2,AAPL,2023-03-19 18:53:23,15,92.1,58
1,GOOGL,2023-03-19 18:53:23,34,80.3,50
2,GOOGL,2023-03-19 18:53:23,41,77.2,598
1,TSLA,2023-03-19 18:53:23,31,43.8,585
2,TSLA,2023-03-19 18:53:23,98,75.9,567
1,AAPL,2023-03-19 19:03:23,24,46.4,687
2,AAPL,2023-03-19 19:03:23,7,92,750
1,GOOGL,2023-03-19 19:03:23,47,80.1,995
2,GOOGL,2023-03-19 19:03:23,89,15.5,467
1,TSLA,2023-03-19 19:03:23,43,86.2,2
2,TSLA,2023-03-19 19:03:23,11,84.7,680
1,AAPL,2023-03-19 19:13:23,20,44.9,752
2,AAPL,2023-03-19 19:13:23,26,57.2,70
1,GOOGL,2023-03-19 19:13:23,56,72.6,168
2,GOOGL,2023-03-19 19:13:23,44,7.8,381
1,TSLA,2023-03-19 19:13:23,5,2.1,243
2,TSLA,2023-03-19 19:13:23,74,27.6,131
1,AAPL,2023-03-19 19:23:23,36,66.3,29
2,AAPL,2023-03-19 19:23:23,89,27.7,904
1,GOOGL,2023-03-19 19:23:23,81,48.8,822
2,GOOGL,2023-03-19 19:23:23,73,79.1,790
1,TSLA,2023-03-19 19:23:23,53,72.2,191
2,TSLA,2023-03-19 19:23:23,64,86.5,598
1,AAPL,2023-03-19 19:33:23,19,12.5,131
2,AAPL,2023-03-19 19:33:23,33,40.6,817
1,GOOGL,2023-03-19 19:33:23,37,29.4,166
2,GOOGL,2023-03-19 19:33:23,48,41.2,808
1,TSLA,2023-03-19 19:33:23,56,16.6,241
2,TSLA,2023-03-19 19:33:23,11,3.9,358
1,AAPL,2023-03-19 19:43:23,91,77.3,761
2,AAPL,2023-03-19 19:43:23,41,85.6,818
1,GOOGL,2023-03-19 19:43:23,32,68.5,67
2,GOOGL,2023-03-19 19:43:23,55,23.7,893
1,TSLA,2023-03-19 19:43:23,90,81.3,486
2,TSLA,2023-03-19 19:43:23,6,44.7,144
1,AAPL,2023-03-19 19:53:23,67,8.4,687
2,AAPL,2023-03-19 19:53:23,31,25.8,944
1,GOOGL,2023-03-19 19:53:23,89,83.4,746
2,GOOGL,2023-03-19 19:53:23,11,9.5,269
1,TSLA,2023-03-19 19:53:23,67,59.5,760
2,TSLA,2023-03-19 19:53:23,8,6.9,728
1,AAPL,2023-03-20 13:03:23,43,10.8,175
2,AAPL,2023-03-20 13:03:23,58,33.2,132
1,GOOGL,2023-03-20 13:03:23,20,49.5,385
2,GOOGL,2023-03-20 13:03:23,68,37.1,414
1,TSLA,2023-03-20 13:03:23,76,59.4,388
2,TSLA,2023-03-20 13:03:23,71,25.2,562
1,AAPL,2023-03-20 13:13:23,64,40,453
2,AAPL,2023-03-20 13:13:23,33,49.9,856
1,GOOGL,2023-03-20 13:13:23,44,64.4,825
2,GOOGL,2023-03-20 13:13:23,37,86.3,82
1,TSLA,2023-03-20 13:13:23,68,18.8,42
2,TSLA,2023-03-20 13:13:23,18,82.3,189
1,AAPL,2023-03-20 13:23:23,99,64,574
2,AAPL,2023-03-20 13:23:23,83,97.4,161
1,GOOGL,2023-03-20 13:23:23,100,43.9,348
2,GOOGL,2023-03-20 13:23:23,11,11,698
1,TSLA,2023-03-20 13:23:23,98,30.7,996
2,TSLA,2023-03-20 13:23:23,98,10.4,488
1,AAPL,2023-03-20 13:33:23,19,3.3,338
2,AAPL,2023-03-20 13:33:23,43,92.2,463
1,GOOGL,2023-03-20 13:33:23,77,44.2,25
2,GOOGL,2023-03-20 13:33:23,16,46.3,334
1,TSLA,2023-03-20 13:33:23,5,45.7,823
2,TSLA,2023-03-20 13:33:23,20,16.8,830
1,AAPL,2023-03-20 13:43:23,57,18.6,993
2,AAPL,2023-03-20 13:43:23,83,27.9,376
1,GOOGL,2023-03-20 13:43:23,11,81.7,34
2,GOOGL,2023-03-20 13:43:23,81,41.5,354
1,TSLA,2023-03-20 13:43:23,64,44.5,541
2,TSLA,2023-03-20 13:43:23,46,52.5,723
1,AAPL,2023-03-20 13:53:23,6,38.9,638
2,AAPL,2023-03-20 13:53:23,27,29.1,717
1,GOOGL,2023-03-20 13:53:23,10,57.2,12
2,GOOGL,2023-03-20 13:53:23,50,25.3,233
1,TSLA,2023-03-20 13:53:23,67,38.7,834
2,TSLA,2023-03-20 13:53:23,61,16.3,420
1,AAPL,2023-03-20 14:03:23,85,94.8,332
2,AAPL,2023-03-20 14:03:23,39,11.8,788
1,GOOGL,2023-03-20 14:03:23,7,23.8,193
2,GOOGL,2023-03-20 14:03:23,82,51.2,400
1,TSLA,2023-03-20 14:03:23,38,20.5,549
2,TSLA,2023-03-20 14:03:23,25,0.8,951
1,AAPL,2023-03-20 14:13:23,87,0.2,779
2,AAPL,2023-03-20 14:13:23,71,86.5,387
1,GOOGL,2023-03-20 14:13:23,10,51.5,388
2,GOOGL,2023-03-20 14:13:23,30,44.8,892
1,TSLA,2023-03-20 14:13:23,20,27.8,632
2,TSLA,2023-03-20 14:13:23,91,79.7,928
1,AAPL,2023-03-20 14:23:23,94,2.3,40
2,AAPL,2023-03-20 14:23:23,33,3.8,671
1,GOOGL,2023-03-20 14:23:23,44,37.6,994
2,GOOGL,2023-03-20 14:23:23,23,13.5,178
1,TSLA,2023-03-20 14:23:23,3,41,523
2,TSLA,2023-03-20 14:23:23,92,38,860
1,AAPL,2023-03-20 14:33:23,14,42.5,336
2,AAPL,2023-03-20 14:33:23,55,20.3,432
1,GOOGL,2023-03-20 14:33:23,88,74.4,837
2,GOOGL,2023-03-20 14:33:23,75,2.7,248
1,TSLA,2023-03-20 14:33:23,33,51.9,444
2,TSLA,2023-03-20 14:33:23,19,22.7,272
1,AAPL,2023-03-20 14:43:23,100,61,664
2,AAPL,2023-03-20 14:43:23,55,84,975
1,GOOGL,2023-03-20 14:43:23,23,75.2,7
2,GOOGL,2023-03-20 14:43:23,92,54.5,376
1,TSLA,2023-03-20 14:43:23,48,94,712
2,TSLA,2023-03-20 14:43:23,92,65.1,634
1,AAPL,2023-03-20 14:53:23,59,34.8,7
2,AAPL,2023-03-20 14:53:23,85,36.7,212
1,GOOGL,2023-03-20 14:53:23,56,15.9,874
2,GOOGL,2023-03-20 14:53:23,19,21.1,515
1,TSLA,2023-03-20 14:53:23,8,1.6,877
2,TSLA,2023-03-20 14:53:23,11,66.3,171
1,AAPL,2023-03-20 15:03:23,10,31,938
2,AAPL,2023-03-20 15:03:23,53,86,244
1,GOOGL,2023-03-20 15:03:23,48,96.2,685
2,GOOGL,2023-03-20 15:03:23,45,48.5,507
1,TSLA,2023-03-20 15:03:23,60,28.5,870
2,TSLA,2023-03-20 15:03:23,13,94,860
1,AAPL,2023-03-20 15:13:23,55,87.1,503
2,AAPL,2023-03-20 15:13:23,75,50.3,441
1,GOOGL,2023-03-20 15:13:23,20,15.3,66
2,GOOGL,2023-03-20 15:13:23,31,36.8,345
1,TSLA,2023-03-20 15:13:23,44,70,884
2,TSLA,2023-03-20 15:13:23,68,96.9,779
1,AAPL,2023-03-20 15:23:23,13,67.1,855
2,AAPL,2023-03-20 15:23:23,87,99.6,381
1,GOOGL,2023-03-20 15:23:23,53,57.9,993
2,GOOGL,2023-03-20 15:23:23,94,29,141
1,TSLA,2023-03-20 15:23:23,94,81.5,641
2,TSLA,2023-03-20 15:23:23,98,70.8,38
1,AAPL,2023-03-20 15:33:23,98,46.2,633
2,AAPL,2023-03-20 15:33:23,45,82.3,531
1,GOOGL,2023-03-20 15:33:23,87,65.3,423
2,GOOGL,2023-03-20 15:33:23,4,91.1,797
1,TSLA,2023-03-20 15:33:23,47,67.6,585
2,TSLA,2023-03-20 15:33:23,44,44.4,208
1,AAPL,2023-03-20 15:43:23,48,15.6,633
2,AAPL,2023-03-20 15:43:23,46,88.3,867
1,GOOGL,2023-03-20 15:43:23,42,62.3,385
2,GOOGL,2023-03-20 15:43:23,78,66.9,489
1,TSLA,2023-03-20 15:43:23,65,88.5,941
2,TSLA,2023-03-20 15:43:23,82,1.9,26
1,AAPL,2023-03-20 15:53:23,15,53.3,226
2,AAPL,2023-03-20 15:53:23,63,45.6,271
1,GOOGL,2023-03-20 15:53:23,42,73.3,171
2,GOOGL,2023-03-20 15:53:23,81,88.3,304
1,TSLA,2023-03-20 15:53:23,100,62.5,651
2,TSLA,2023-03-20 15:53:23,45,54.3,69
1,AAPL,2023-03-20 16:03:23,52,45,642
2,AAPL,2023-03-20 16:03:23,75,27.5,584
1,GOOGL,2023-03-20 16:03:23,54,22.5,164
2,GOOGL,2023-03-20 16:03:23,31,20.6,358
1,TSLA,2023-03-20 16:03:23,27,60.1,170
2,TSLA,2023-03-20 16:03:23,33,60.4,596
1,AAPL,2023-03-20 16:13:23,41,39.1,104
2,AAPL,2023-03-20 16:13:23,87,14.1,832
1,GOOGL,2023-03-20 16:13:23,67,4.8,653
2,GOOGL,2023-03-20 16:13:23,63,65.4,511
1,TSLA,2023-03-20 16:13:23,10,73.3,105
2,TSLA,2023-03-20 16:13:23,56,59,803
1,AAPL,2023-03-20 16:23:23,16,95.7,739
2,AAPL,2023-03-20 16:23:23,29,24.8,506
1,GOOGL,2023-03-20 16:23:23,88,83.4,887
2,GOOGL,2023-03-20 16:23:23,94,63.3,804
1,TSLA,2023-03-20 16:23:23,13,29.2,348
2,TSLA,2023-03-20 16:23:23,40,0.3,292
1,AAPL,2023-03-20 16:33:23,34,12.3,534
2,AAPL,2023-03-20 16:33:23,33,44.2,771
1,GOOGL,2023-03-20 16:33:23,85,19.2,257
2,GOOGL,2023-03-20 16:33:23,59,59.2,947
1,TSLA,2023-03-20 16:33:23,43,99.7,708
2,TSLA,2023-03-20 16:33:23,42,42.3,467
1,AAPL,2023-03-20 16:43:23,37,17.4,716
2,AAPL,2023-03-20 16:43:23,24,33,79
1,GOOGL,2023-03-20 16:43:23,12,65.6,483
2,GOOGL,2023-03-20 16:43:23,11,25.8,471
1,TSLA,2023-03-20 16:43:23,14,80.1,712
2,TSLA,2023-03-20 16:43:23,16,84.4,841
1,AAPL,2023-03-20 16:53:23,96,22.9,329
2,AAPL,2023-03-20 16:53:23,9,71.5,485
1,GOOGL,2023-03-20 16:53:23,46,77.9,113
2,GOOGL,2023-03-20 16:53:23,67,22.3,759
1,TSLA,2023-03-20 16:53:23,53,10,461
2,TSLA,2023-03-20 16:53:23,91,65.5,846
1,AAPL,2023-03-20 17:03:23,90,69.3,657
2,AAPL,2023-03-20 17:03:23,58,93.7,768
1,GOOGL,2023-03-20 17:03:23,73,84.5,930
2,GOOGL,2023-03-20 17:03:23,21,18.2,543
1,TSLA,2023-03-20 17:03:23,94,55.4,801
2,TSLA,2023-03-20 17:03:23,31,69.1,268
1,AAPL,2023-03-20 17:13:23,79,98.3,555
2,AAPL,2023-03-20 17:13:23,6,4.8,748
1,GOOGL,2023-03-20 17:13:23,58,66,692
2,GOOGL,2023-03-20 17:13:23,37,97,281
1,TSLA,2023-03-20 17:13:23,25,18.4,294
2,TSLA,2023-03-20 17:13:23,22,15.9,821
1,AAPL,2023-03-20 17:23:23,12,0,244
2,AAPL,2023-03-20 17:23:23,90,68.3,235
1,GOOGL,2023-03-20 17:23:23,7,16.6,484
2,GOOGL,2023-03-20 17:23:23,94,81.3,919
1,TSLA,2023-03-20 17:23:23,55,78.2,582
2,TSLA,2023-03-20 17:23:23,75,19.5,736
1,AAPL,2023-03-20 17:33:23,75,23,105
2,AAPL,2023-03-20 17:33:23,53,24.5,534
1,GOOGL,2023-03-20 17:33:23,32,95.6,39
2,GOOGL,2023-03-20 17:33:23,60,89.4,916
1,TSLA,2023-03-20 17:33:23,79,27.6,705
2,TSLA,2023-03-20 17:33:23,85,60.1,120
1,AAPL,2023-03-20 17:43:23,82,87.7,877
2,AAPL,2023-03-20 17:43:23,6,1.7,343
1,GOOGL,2023-03-20 17:43:23,33,78.8,621
2,GOOGL,2023-03-20 17:43:23,88,73.1,507
1,TSLA,2023-03-20 17:43:23,30,25.4,460
2,TSLA,2023-03-20 17:43:23,15,26.4,57
1,AAPL,2023-03-20 17:53:23,58,83.2,235
2,AAPL,2023-03-20 17:53:23,38,54.2,635
1,GOOGL,2023-03-20 17:53:23,85,34.5,10
2,GOOGL,2023-03-20 17:53:23,88,5.3,134
1,TSLA,2023-03-20 17:53:23,49,96.8,379
2,TSLA,2023-03-20 17:53:23,25,71.7,859
1,AAPL,2023-03-20 18:03:23,52,6.8,555
2,AAPL,2023-03-20 18:03:23,17,99.9,102
1,GOOGL,2023-03-20 18:03:23,32,39.4,192
2,GOOGL,2023-03-20 18:03:23,94,95.1,8
1,TSLA,2023-03-20 18:03:23,5,65.8,394
2,TSLA,2023-03-20 18:03:23,52,39.5,905
1,AAPL,2023-03-20 18:13:23,79,76.2,826
2,AAPL,2023-03-20 18:13:23,15,0.1,969
1,GOOGL,2023-03-20 18:13:23,84,43.8,482
2,GOOGL,2023-03-20 18:13:23,12,81.6,19
1,TSLA,2023-03-20 18:13:23,59,40.5,52
2,TSLA,2023-03-20 18:13:23,59,15,591
1,AAPL,2023-03-20 18:23:23,20,90.4,167
2,AAPL,2023-03-20 18:23:23,68,44.1,764
1,GOOGL,2023-03-20 18:23:23,70,47.3,230
2,GOOGL,2023-03-20 18:23:23,53,79.1,576
1,TSLA,2023-03-20 18:23:23,17,77.3,745
2,TSLA,2023-03-20 18:23:23,22,10.6,445
1,AAPL,2023-03-20 18:33:23,48,78.2,936
2,AAPL,2023-03-20 18:33:23,17,99.9,748
1,GOOGL,2023-03-20 18:33:23,19,91.5,417
2,GOOGL,2023-03-20 18:33:23,7,60,841
1,TSLA,2023-03-20 18:33:23,6,4.4,3
2,TSLA,2023-03-20 18:33:23,55,69.4,239
1,AAPL,2023-03-20 18:43:23,12,82.8,855
2,AAPL,2023-03-20 18:43:23,83,17.8,487
1,GOOGL,2023-03-20 18:43:23,16,8.5,563
2,GOOGL,2023-03-20 18:43:23,82,76.2,547
1,TSLA,2023-03-20 18:43:23,26,88.6,31
2,TSLA,2023-03-20 18:43:23,96,56.1,371
1,AAPL,2023-03-20 18:53:23,87,91.9,320
2,AAPL,2023-03-20 18:53:23,60,81.2,456
1,GOOGL,2023-03-20 18:53:23,58,94.9,639
2,GOOGL,2023-03-20 18:53:23,98,51.4,800
1,TSLA,2023-03-20 18:53:23,12,83.4,79
2,TSLA,2023-03-20 18:53:23,41,90.8,309
1,AAPL,2023-03-20 19:03:23,3,47.1,736
2,AAPL,2023-03-20 19:03:23,90,71,449
1,GOOGL,2023-03-20 19:03:23,27,62.2,944
2,GOOGL,2023-03-20 19:03:23,60,78.2,271
1,TSLA,2023-03-20 19:03:23,2,96.4,85
2,TSLA,2023-03-20 19:03:23,57,65.9,705
1,AAPL,2023-03-20 19:13:23,96,95.6,289
2,AAPL,2023-03-20 19:13:23,87,17.3,960
1,GOOGL,2023-03-20 19:13:23,1,39.5,887
2,GOOGL,2023-03-20 19:13:23,24,53.2,738
1,TSLA,2023-03-20 19:13:23,48,10.5,389
2,TSLA,2023-03-20 19:13:23,13,65.4,900
1,AAPL,2023-03-20 19:23:23,61,50,221
2,AAPL,2023-03-20 19:23:23,11,28.4,487
1,GOOGL,2023-03-20 19:23:23,95,40.4,478
2,GOOGL,2023-03-20 19:23:23,75,72.7,140
1,TSLA,2023-03-20 19:23:23,25,83.1,808
2,TSLA,2023-03-20 19:23:23,69,48.7,920
1,AAPL,2023-03-20 19:33:23,10,6.7,979
2,AAPL,2023-03-20 19:33:23,82,15.3,273
1,GOOGL,2023-03-20 19:33:23,8,98.5,709
2,GOOGL,2023-03-20 19:33:23,38,67.1,104
1,TSLA,2023-03-20 19:33:23,92,29,148
2,TSLA,2023-03-20 19:33:23,32,74.1,767
1,AAPL,2023-03-20 19:43:23,38,72.4,196
2,AAPL,2023-03-20 19:43:23,36,69.9,927
1,GOOGL,2023-03-20 19:43:23,14,63.6,802
2,GOOGL,2023-03-20 19:43:23,82,5,956
1,TSLA,2023-03-20 19:43:23,39,71.3,936
2,TSLA,2023-03-20 19:43:23,34,20.8,101
1,AAPL,2023-03-20 19:53:23,27,69,68
2,AAPL,2023-03-20 19:53:23,72,85.5,208
1,GOOGL,2023-03-20 19:53:23,36,10.5,539
2,GOOGL,2023-03-20 19:53:23,17,96.5,340
1,TSLA,2023-03-20 19:53:23,49,50.8,630
2,TSLA,2023-03-20 19:53:23,4,43.5,373
1,AAPL,2023-03-21 13:03:23,64,54.9,487
2,AAPL,2023-03-21 13:03:23,26,36.7,611
1,GOOGL,2023-03-21 13:03:23,62,73.5,38
2,GOOGL,2023-03-21 13:03:23,30,74.9,497
1,TSLA,2023-03-21 13:03:23,12,24.3,118
2,TSLA,2023-03-21 13:03:23,43,69.9,191
1,AAPL,2023-03-21 13:13:23,80,48.6,150
2,AAPL,2023-03-21 13:13:23,40,94.1,100
1,GOOGL,2023-03-21 13:13:23,25,59.1,932
2,GOOGL,2023-03-21 13:13:23,66,21.1,656
1,TSLA,2023-03-21 13:13:23,66,32.3,248
2,TSLA,2023-03-21 13:13:23,58,34,207
1,AAPL,2023-03-21 13:23:23,94,55.7,895
2,AAPL,2023-03-21 13:23:23,60,6.5,828
1,GOOGL,2023-03-21 13:23:23,39,54.5,660
2,GOOGL,2023-03-21 13:23:23,10,74.1,366
1,TSLA,2023-03-21 13:23:23,5,40,388
2,TSLA,2023-03-21 13:23:23,27,12.9,727
1,AAPL,2023-03-21 13:33:23,88,9.5,774
2,AAPL,2023-03-21 13:33:23,69,39.9,150
1,GOOGL,2023-03-21 13:33:23,29,67.8,240
2,GOOGL,2023-03-21 13:33:23,38,43.1,820
1,TSLA,2023-03-21 13:33:23,10,92.1,209
2,TSLA,2023-03-21 13:33:23,67,82.8,985
1,AAPL,2023-03-21 13:43:23,100,86.7,939
2,AAPL,2023-03-21 13:43:23,31,26.7,849
1,GOOGL,2023-03-21 13:43:23,93,37.4,453
2,GOOGL,2023-03-21 13:43:23,57,91.1,34
1,TSLA,2023-03-21 13:43:23,4,93.3,389
2,TSLA,2023-03-21 13:43:23,79,7.6,771
1,AAPL,2023-03-21 13:53:23,28,22.2,946
2,AAPL,2023-03-21 13:53:23,61,16.2,875
1,GOOGL,2023-03-21 13:53:23,98,65.6,37
2,GOOGL,2023-03-21 13:53:23,98,22.2,1
1,TSLA,2023-03-21 13:53:23,74,51.9,440
2,TSLA,2023-03-21 13:53:23,56,13.1,397
1,AAPL,2023-03-21 14:03:23,80,6.4,155
2,AAPL,2023-03-21 14:03:23,37,48.5,117
1,GOOGL,2023-03-21 14:03:23,75,43.7,962
2,GOOGL,2023-03-21 14:03:23,26,67.4,754
1,TSLA,2023-03-21 14:03:23,55,21.2,338
2,TSLA,2023-03-21 14:03:23,88,20.7,92
1,AAPL,2023-03-21 14:13:23,30,37.2,273
2,AAPL,2023-03-21 14:13:23,33,96.4,57
1,GOOGL,2023-03-21 14:13:23,22,30.5,972
2,GOOGL,2023-03-21 14:13:23,25,69.4,685
1,TSLA,2023-03-21 14:13:23,32,95.3,995
2,TSLA,2023-03-21 14:13:23,63,55.6,431
1,AAPL,2023-03-21 14:23:23,14,68.2,112
2,AAPL,2023-03-21 14:23:23,74,17.4,572
1,GOOGL,2023-03-21 14:23:23,82,54.4,852
2,GOOGL,2023-03-21 14:23:23,33,43.8,806
1,TSLA,2023-03-21 14:23:23,68,43.3,541
2,TSLA,2023-03-21 14:23:23,28,47.4,20
1,AAPL,2023-03-21 14:33:23,35,86.3,704
2,AAPL,2023-03-21 14:33:23,47,89.9,283
1,GOOGL,2023-03-21 14:33:23,20,27.2,652
2,GOOGL,2023-03-21 14:33:23,59,33.6,505
1,TSLA,2023-03-21 14:33:23,61,89.9,305
2,TSLA,2023-03-21 14:33:23,62,5.9,604
1,AAPL,2023-03-21 14:43:23,17,87.1,827
2,AAPL,2023-03-21 14:43:23,66,38.6,107
1,GOOGL,2023-03-21 14:43:23,51,50.5,835
2,GOOGL,2023-03-21 14:43:23,45,69.4,69
1,TSLA,2023-03-21 14:43:23,3,76.5,338
2,TSLA,2023-03-21 14:43:23,34,79,941
1,AAPL,2023-03-21 14:53:23,7,42.6,574
2,AAPL,2023-03-21 14:53:23,74,37.8,426
1,GOOGL,2023-03-21 14:53:23,3,15.9,249
2,GOOGL,2023-03-21 14:53:23,14,15.7,975
1,TSLA,2023-03-21 14:53:23,55,22.8,868
2,TSLA,2023-03-21 14:53:23,96,4.3,89
1,AAPL,2023-03-21 15:03:23,84,11.3,28
2,AAPL,2023-03-21 15:03:23,55,83.3,657
1,GOOGL,2023-03-21 15:03:23,80,49.1,683
2,GOOGL,2023-03-21 15:03:23,81,37.5,698
1,TSLA,2023-03-21 15:03:23,94,60.6,714
2,TSLA,2023-03-21 15:03:23,27,89.6,255
1,AAPL,2023-03-21 15:13:23,62,71.7,662
2,AAPL,2023-03-21 15:13:23,44,17.3,816
1,GOOGL,2023-03-21 15:13:23,91,48.6,365
2,GOOGL,2023-03-21 15:13:23,29,77.3,117
1,TSLA,2023-03-21 15:13:23,60,35.6,197
2,TSLA,2023-03-21 15:13:23,43,42.5,460
1,AAPL,2023-03-21 15:23:23,46,87.4,978
2,AAPL,2023-03-21 15:23:23,78,1.2,320
1,GOOGL,2023-03-21 15:23:23,23,54.5,580
2,GOOGL,2023-03-21 15:23:23,95,2.4,619
1,TSLA,2023-03-21 15:23:23,82,23.7,311
2,TSLA,2023-03-21 15:23:23,62,9.8,533
1,AAPL,2023-03-21 15:33:23,51,32.9,465
2,AAPL,2023-03-21 15:33:23,86,30.7,127
1,GOOGL,2023-03-21 15:33:23,23,38.8,323
2,GOOGL,2023-03-21 15:33:23,9,8.9,260
1,TSLA,2023-03-21 15:33:23,100,77.7,819
2,TSLA,2023-03-21 15:33:23,11,24.5,40
1,AAPL,2023-03-21 15:43:23,56,71.6,594
2,AAPL,2023-03-21 15:43:23,7,23.9,418
1,GOOGL,2023-03-21 15:43:23,12,67.9,442
2,GOOGL,2023-03-21 15:43:23,68,59,725
1,TSLA,2023-03-21 15:43:23,8,35.9,306
2,TSLA,2023-03-21 15:43:23,8,0.8,80
1,AAPL,2023-03-21 15:53:23,1,53.5,924
2,AAPL,2023-03-21 15:53:23,96,9.6,882
1,GOOGL,2023-03-21 15:53:23,75,70.2,555
2,GOOGL,2023-03-21 15:53:23,13,56,201
1,TSLA,2023-03-21 15:53:23,33,96.4,419
2,TSLA,2023-03-21 15:53:23,19,91.7,727
1,AAPL,2023-03-21 16:03:23,85,86.7,480
2,AAPL,2023-03-21 16:03:23,29,51.6,564
1,GOOGL,2023-03-21 16:03:23,27,1.2,469
2,GOOGL,2023-03-21 16:03:23,89,0.1,860
1,TSLA,2023-03-21 16:03:23,87,66.1,65
2,TSLA,2023-03-21 16:03:23,39,1.9,203
1,AAPL,2023-03-21 16:13:23,54,76.7,670
2,AAPL,2023-03-21 16:13:23,52,0.7,160
1,GOOGL,2023-03-21 16:13:23,9,31.7,261
2,GOOGL,2023-03-21 16:13:23,72,6.4,524
1,TSLA,2023-03-21 16:13:23,43,76.7,240
2,TSLA,2023-03-21 16:13:23,1,4.4,450
1,AAPL,2023-03-21 16:23:23,77,46.4,818
2,AAPL,2023-03-21 16:23:23,6,33.6,232
1,GOOGL,2023-03-21 16:23:23,55,5.2,927
2,GOOGL,2023-03-21 16:23:23,48,76.8,556
1,TSLA,2023-03-21 16:23:23,55,28,46
2,TSLA,2023-03-21 16:23:23,1,67.5,39
1,AAPL,2023-03-21 16:33:23,9,57.1,237
2,AAPL,2023-03-21 16:33:23,93,57.3,227
1,GOOGL,2023-03-21 16:33:23,5,89.4,650
2,GOOGL,2023-03-21 16:33:23,46,11.7,325
1,TSLA,2023-03-21 16:33:23,17,90.2,549
2,TSLA,2023-03-21 16:33:23,51,8.1,735
1,AAPL,2023-03-21 16:43:23,94,4.3,288
2,AAPL,2023-03-21 16:43:23,51,57.5,833
1,GOOGL,2023-03-21 16:43:23,82,76.2,717
2,GOOGL,2023-03-21 16:43:23,93,46.8,469
1,TSLA,2023-03-21 16:43:23,77,68.1,24
2,TSLA,2023-03-21 16:43:23,99,72.7,79
1,AAPL,2023-03-21 16:53:23,54,40.7,558
2,AAPL,2023-03-21 16:53:23,17,22.2,635
1,GOOGL,2023-03-21 16:53:23,97,35.4,694
2,GOOGL,2023-03-21 16:53:23,77,38,187
1,TSLA,2023-03-21 16:53:23,55,47.6,908
2,TSLA,2023-03-21 16:53:23,31,61.1,310
1,AAPL,2023-03-21 17:03:23,92,22.5,924
2,AAPL,2023-03-21 17:03:23,27,22.5,436
1,GOOGL,2023-03-21 17:03:23,99,64.9,706
2,GOOGL,2023-03-21 17:03:23,81,27.6,929
1,TSLA,2023-03-21 17:03:23,3,25.1,163
2,TSLA,2023-03-21 17:03:23,27,19.6,164
1,AAPL,2023-03-21 17:13:23,52,28,89
2,AAPL,2023-03-21 17:13:23,65,78.5,326
1,GOOGL,2023-03-21 17:13:23,79,53.8,280
2,GOOGL,2023-03-21 17:13:23,5,3.6,319
1,TSLA,2023-03-21 17:13:23,18,94.3,365
2,TSLA,2023-03-21 17:13:23,75,54.7,627
1,AAPL,2023-03-21 17:23:23,65,29.9,109
2,AAPL,2023-03-21 17:23:23,3,10.6,768
1,GOOGL,2023-03-21 17:23:23,93,74.2,292
2,GOOGL,2023-03-21 17:23:23,69,30.1,709
1,TSLA,2023-03-21 17:23:23,49,6.6,50
2,TSLA,2023-03-21 17:23:23,8,20.9,456
1,AAPL,2023-03-21 17:33:23,39,47.8,515
2,AAPL,2023-03-21 17:33:23,13,37,187
1,GOOGL,2023-03-21 17:33:23,72,7.1,802
2,GOOGL,2023-03-21 17:33:23,82,49.9,943
1,TSLA,2023-03-21 17:33:23,78,47.1,773
2,TSLA,2023-03-21 17:33:23,77,24.8,759
1,AAPL,2023-03-21 17:43:23,90,29.8,293
2,AAPL,2023-03-21 17:43:23,15,32.7,538
1,GOOGL,2023-03-21 17:43:23,66,65.9,133
2,GOOGL,2023-03-21 17:43:23,6,58.9,36
1,TSLA,2023-03-21 17:43:23,15,68,667
2,TSLA,2023-03-21 17:43:23,69,93.9,185
1,AAPL,2023-03-21 17:53:23,34,86.1,343
2,AAPL,2023-03-21 17:53:23,95,19.5,724
1,GOOGL,2023-03-21 17:53:23,96,1.5,618
2,GOOGL,2023-03-21 17:53:23,70,55.3,753
1,TSLA,2023-03-21 17:53:23,32,1.2,372
2,TSLA,2023-03-21 17:53:23,92,95.7,762
1,AAPL,2023-03-21 18:03:23,3,35.7,324
2,AAPL,2023-03-21 18:03:23,14,6.1,100
1,GOOGL,2023-03-21 18:03:23,16,17.4,281
2,GOOGL,2023-03-21 18:03:23,78,26.7,16
1,TSLA,2023-03-21 18:03:23,86,69.5,809
2,TSLA,2023-03-21 18:03:23,27,60.4,966
1,AAPL,2023-03-21 18:13:23,37,77.1,526
2,AAPL,2023-03-21 18:13:23,23,66.9,282
1,GOOGL,2023-03-21 18:13:23,26,87.8,934
2,GOOGL,2023-03-21 18:13:23,99,32.1,798
1,TSLA,2023-03-21 18:13:23,2,79.9,43
2,TSLA,2023-03-21 18:13:23,23,12.3,247
1,AAPL,2023-03-21 18:23:23,30,27,755
2,AAPL,2023-03-21 18:23:23,94,49.5,222
1,GOOGL,2023-03-21 18:23:23,73,45.5,860
2,GOOGL,2023-03-21 18:23:23,54,13,300
1,TSLA,2023-03-21 18:23:23,98,2.2,687
2,TSLA,2023-03-21 18:23:23,89,14.1,83
1,AAPL,2023-03-21 18:33:23,82,58.8,455
2,AAPL,2023-03-21 18:33:23,86,18.3,489
1,GOOGL,2023-03-21 18:33:23,41,96.5,383
2,GOOGL,2023-03-21 18:33:23,95,12.7,520
1,TSLA,2023-03-21 18:33:23,39,87.7,39
2,TSLA,2023-03-21 18:33:23,2,39.3,884
1,AAPL,2023-03-21 18:43:23,28,12.3,866
2,AAPL,2023-03-21 18:43:23,67,96,640
1,GOOGL,2023-03-21 18:43:23,92,20.7,545
2,GOOGL,2023-03-21 18:43:23,73,66.3,477
1,TSLA,2023-03-21 18:43:23,84,79.4,948
2,TSLA,2023-03-21 18:43:23,96,67.4,524
1,AAPL,2023-03-21 18:53:23,22,90.5,579
2,AAPL,2023-03-21 18:53:23,30,98.8,620
1,GOOGL,2023-03-21 18:53:23,86,39.9,799
2,GOOGL,2023-03-21 18:53:23,74,3.4,504
1,TSLA,2023-03-21 18:53:23,18,35.7,941
2,TSLA,2023-03-21 18:53:23,62,72.4,340
1,AAPL,2023-03-21 19:03:23,12,21.4,428
2,AAPL,2023-03-21 19:03:23,84,34.4,740
1,GOOGL,2023-03-21 19:03:23,66,23.9,317
2,GOOGL,2023-03-21 19:03:23,8,11.2,95
1,TSLA,2023-03-21 19:03:23,99,51.1,462
2,TSLA,2023-03-21 19:03:23,12,84.5,234
1,AAPL,2023-03-21 19:13:23,31,63.1,742
2,AAPL,2023-03-21 19:13:23,1,31.6,904
1,GOOGL,2023-03-21 19:13:23,20,25.9,338
2,GOOGL,2023-03-21 19:13:23,73,52.4,805
1,TSLA,2023-03-21 19:13:23,19,26.9,852
2,TSLA,2023-03-21 19:13:23,47,37.5,843
1,AAPL,2023-03-21 19:23:23,36,25.5,217
2,AAPL,2023-03-21 19:23:23,9,66.9,40
1,GOOGL,2023-03-21 19:23:23,84,89,770
2,GOOGL,2023-03-21 19:23:23,43,36.4,373
1,TSLA,2023-03-21 19:23:23,20,84.1,139
2,TSLA,2023-03-21 19:23:23,100,59.6,360
1,AAPL,2023-03-21 19:33:23,64,27.7,539
2,AAPL,2023-03-21 19:33:23,27,61.7,657
1,GOOGL,2023-03-21 19:33:23,97,12,71
2,GOOGL,2023-03-21 19:33:23,91,94.8,713
1,TSLA,2023-03-21 19:33:23,99,29.4,967
2,TSLA,2023-03-21 19:33:23,63,54,475
1,AAPL,2023-03-21 19:43:23,76,60.1,897
2,AAPL,2023-03-21 19:43:23,18,23.1,272
1,GOOGL,2023-03-21 19:43:23,7,28,864
2,GOOGL,2023-03-21 19:43:23,28,84.9,787
1,TSLA,2023-03-21 19:43:23,39,1.9,350
2,TSLA,2023-03-21 19:43:23,93,65.8,398
1,AAPL,2023-03-21 19:53:23,42,92.4,157
2,AAPL,2023-03-21 19:53:23,89,98.5,125
1,GOOGL,2023-03-21 19:53:23,43,95.8,22
2,GOOGL,2023-03-21 19:53:23,63,47.4,578
1,TSLA,2023-03-21 19:53:23,81,21.9,260
2,TSLA,2023-03-21 19:53:23,36,95.8,284